[
  {
    "name": "Afghanistan",
    "code": "AF"
  },
  {
    "name": "Åland Islands",
    "code": "AX"
  },
  {
    "name": "Albania",
    "code": "AL"
  },
  {
    "name": "Algeria",
    "code": "DZ"
  },
  {
    "name": "American Samoa",
    "code": "AS"
  },
  {
    "name": "Andorra",
    "code": "AD"
  },
  {
    "name": "Angola",
    "code": "AO"
  },
  {
    "name": "Anguilla",
    "code": "AI"
  },
  {
    "name": "Antarctica",
    "code": "AQ"
  },
  {
    "names": ["Antigua and Barbuda","Antigua And Barbuda", "Antigua & Barbuda", "Antigua", "Barbuda"],
    "code": "AG"
  },
  {
    "name": "Argentina",
    "code": "AR"
  },
  {
    "name": "Armenia",
    "code": "AM"
  },
  {
    "name": "Aruba",
    "code": "AW"
  },
  {
    "name": "Australia",
    "code": "AU"
  },
  {
    "name": "Austria",
    "code": "AT"
  },
  {
    "name": "Azerbaijan",
    "code": "AZ"
  },
  {
    "name": "Bahamas",
    "code": "BS"
  },
  {
    "name": "Bahrain",
    "code": "BH"
  },
  {
    "name": "Bangladesh",
    "code": "BD"
  },
  {
    "name": "Barbados",
    "code": "BB"
  },
  {
    "name": "Belarus",
    "code": "BY"
  },
  {
    "name": "Belgium",
    "code": "BE"
  },
  {
    "name": "Belize",
    "code": "BZ"
  },
  {
    "name": "Benin",
    "code": "BJ"
  },
  {
    "name": "Bermuda",
    "code": "BM"
  },
  {
    "name": "Bhutan",
    "code": "BT"
  },
  {
    "names": ["Bolivia, Plurinational State of", "Bolivia", "Bolivia, Plurinational State Of", "Plurinational State of Bolivia", "Plurinational State Of Bolivia"],
    "code": "BO"
  },
  {
    "name": "Bonaire, Sint Eustatius and Saba",
    "code": "BQ"
  },
  {
    "names": ["Bosnia and Herzegovina", "Bosnia", "Bosnia And Herzegovina", "Bosnia And\rHerzegovina", "Bosnia & Herzegovina", "Herzegovina"],
    "code": "BA"
  },
  {
    "name": "Botswana",
    "code": "BW"
  },
  {
    "name": "Bouvet Island",
    "code": "BV"
  },
  {
    "name": "Brazil",
    "code": "BR"
  },
  {
    "name": "British Indian Ocean Territory",
    "code": "IO"
  },
  {
    "names": ["Brunei Darussalam", "Brunei"],
    "code": "BN"
  },
  {
    "name": "Bulgaria",
    "code": "BG"
  },
  {
    "name": "Burkina Faso",
    "code": "BF"
  },
  {
    "name": "Burundi",
    "code": "BI"
  },
  {
    "name": "Cambodia",
    "code": "KH"
  },
  {
    "name": "Cameroon",
    "code": "CM"
  },
  {
    "name": "Canada",
    "code": "CA"
  },
  {
    "name": "Cape Verde",
    "code": "CV"
  },
  {
    "name": "Cayman Islands",
    "code": "KY"
  },
  {
    "name": "Central African Republic",
    "code": "CF"
  },
  {
    "name": "Chad",
    "code": "TD"
  },
  {
    "name": "Chile",
    "code": "CL"
  },
  {
    "name": "China",
    "code": "CN"
  },
  {
    "name": "Christmas Island",
    "code": "CX"
  },
  {
    "name": "Cocos (Keeling) Islands",
    "code": "CC"
  },
  {
    "name": "Colombia",
    "code": "CO"
  },
  {
    "name": "Comoros",
    "code": "KM"
  },
  {
    "name": "Congo",
    "code": "CG"
  },
  {
    "names": ["Congo, the Democratic Republic of the", "Congo, The Democratic Republic Of The"],
    "code": "CD"
  },
  {
    "name": "Cook Islands",
    "code": "CK"
  },
  {
    "name": "Costa Rica",
    "code": "CR"
  },
  {
    "name": "Côte d'Ivoire",
    "code": "CI"
  },
  {
    "name": "Croatia",
    "code": "HR"
  },
  {
    "name": "Cuba",
    "code": "CU"
  },
  {
    "name": "Curacao",
    "code": "CW"
  },
  {
    "name": "Cyprus",
    "code": "CY"
  },
  {
    "names": ["Czech Republic", "Czechia", "Czech", "Tschechien"],
    "code": "CZ"
  },
  {
    "names": ["Denmark", "Dänemark"],
    "code": "DK"
  },
  {
    "name": "Djibouti",
    "code": "DJ"
  },
  {
    "name": "Dominica",
    "code": "DM"
  },
  {
    "name": "Dominican Republic",
    "code": "DO"
  },
  {
    "name": "Ecuador",
    "code": "EC"
  },
  {
    "name": "Egypt",
    "code": "EG"
  },
  {
    "name": "El Salvador",
    "code": "SV"
  },
  {
    "name": "Equatorial Guinea",
    "code": "GQ"
  },
  {
    "name": "Eritrea",
    "code": "ER"
  },
  {
    "name": "Estonia",
    "code": "EE"
  },
  {
    "name": "Ethiopia",
    "code": "ET"
  },
  {
    "name": "Falkland Islands (Malvinas)",
    "code": "FK"
  },
  {
    "name": "Faroe Islands",
    "code": "FO"
  },
  {
    "name": "Fiji",
    "code": "FJ"
  },
  {
    "name": "Finland",
    "code": "FI"
  },
  {
    "name": "France",
    "code": "FR"
  },
  {
    "name": "French Guiana",
    "code": "GF"
  },
  {
    "name": "French Polynesia",
    "code": "PF"
  },
  {
    "name": "French Southern Territories",
    "code": "TF"
  },
  {
    "name": "Gabon",
    "code": "GA"
  },
  {
    "name": "Gambia",
    "code": "GM"
  },
  {
    "name": "Georgia",
    "code": "GE"
  },
  {
    "name": "Germany",
    "code": "DE"
  },
  {
    "name": "Ghana",
    "code": "GH"
  },
  {
    "name": "Gibraltar",
    "code": "GI"
  },
  {
    "name": "Greece",
    "code": "GR"
  },
  {
    "name": "Greenland",
    "code": "GL"
  },
  {
    "name": "Grenada",
    "code": "GD"
  },
  {
    "name": "Guadeloupe",
    "code": "GP"
  },
  {
    "name": "Guam",
    "code": "GU"
  },
  {
    "name": "Guatemala",
    "code": "GT"
  },
  {
    "name": "Guernsey",
    "code": "GG"
  },
  {
    "name": "Guinea",
    "code": "GN"
  },
  {
    "name": "Guinea-Bissau",
    "code": "GW"
  },
  {
    "name": "Guyana",
    "code": "GY"
  },
  {
    "name": "Haiti",
    "code": "HT"
  },
  {
    "names": ["Heard Island and McDonald Islands","Heard Island And McDonald Islands"],
    "code": "HM"
  },
  {
    "names": ["Holy See (Vatican City State)", "Vatican City", "Vatican"],
    "code": "VA"
  },
  {
    "name": "Honduras",
    "code": "HN"
  },
  {
    "names": ["Hong Kong", "Hong Kong, China (SAR)", "Hong Kong, China"],
    "code": "HK"
  },
  {
    "names": ["Hungary", "Ungheria"],
    "code": "HU"
  },
  {
    "name": "Iceland",
    "code": "IS"
  },
  {
    "name": "India",
    "code": "IN"
  },
  {
    "names": ["Indonesia", "Indonega"],
    "code": "ID"
  },
  {
    "names": ["Iran, Islamic Republic of", "Iran", "Iran, Islamic Republic Of"],
    "code": "IR"
  },
  {
    "name": "Iraq",
    "code": "IQ"
  },
  {
    "name": "Ireland",
    "code": "IE"
  },
  {
    "name": "Isle of Man",
    "code": "IM"
  },
  {
    "name": "Israel",
    "code": "IL"
  },
  {
    "names": ["Italy", "Italia"],
    "code": "IT"
  },
  {
    "name": "Jamaica",
    "code": "JM"
  },
  {
    "name": "Japan",
    "code": "JP"
  },
  {
    "name": "Jersey",
    "code": "JE"
  },
  {
    "name": "Jordan",
    "code": "JO"
  },
  {
    "name": "Kazakhstan",
    "code": "KZ"
  },
  {
    "name": "Kenya",
    "code": "KE"
  },
  {
    "name": "Kiribati",
    "code": "KI"
  },
  {
    "names": ["Korea, Democratic People's Republic of", "North Korea", "Korea, Democratic People's Republic Of"],
    "code": "KP"
  },
  {
    "names": ["Korea, Republic of", "South Korea", "Republic of Korea", "Republic Of Korea", "Korea", "Korea, South", "Korea, Republic Of (South Korea)", "Korea Republic Of (South Korea)", "Korea, Republic Of"],
    "code": "KR"
  },
  {
    "name": "Kosovo",
    "code": "XK"
  },
  {
    "name": "Kuwait",
    "code": "KW"
  },
  {
    "name": "Kyrgyzstan",
    "code": "KG"
  },
  {
    "names": ["Lao People's Democratic Republic", "Laos", "Lao People'S Democratic Republic"],
    "code": "LA"
  },
  {
    "name": "Latvia",
    "code": "LV"
  },
  {
    "name": "Lebanon",
    "code": "LB"
  },
  {
    "name": "Lesotho",
    "code": "LS"
  },
  {
    "name": "Liberia",
    "code": "LR"
  },
  {
    "name": "Libya",
    "code": "LY"
  },
  {
    "name": "Liechtenstein",
    "code": "LI"
  },
  {
    "names": ["Lithuania", "Lituania"],
    "code": "LT"
  },
  {
    "name": "Luxembourg",
    "code": "LU"
  },
  {
    "names": ["Macao", "Macau"],
    "code": "MO"
  },
  {
    "names": ["North Macedonia", "Republic of North Macedonia", "Macedonia, the Former Yugoslav Republic of", "The former Yugoslav Republic of Macedonia", "Macedonia (FYROM)", "Macedonia"],
    "code": "MK"
  },
  {
    "name": "Madagascar",
    "code": "MG"
  },
  {
    "name": "Malawi",
    "code": "MW"
  },
  {
    "name": "Malaysia",
    "code": "MY"
  },
  {
    "name": "Maldives",
    "code": "MV"
  },
  {
    "name": "Mali",
    "code": "ML"
  },
  {
    "name": "Malta",
    "code": "MT"
  },
  {
    "name": "Marshall Islands",
    "code": "MH"
  },
  {
    "name": "Martinique",
    "code": "MQ"
  },
  {
    "name": "Mauritania",
    "code": "MR"
  },
  {
    "name": "Mauritius",
    "code": "MU"
  },
  {
    "name": "Mayotte",
    "code": "YT"
  },
  {
    "name": "Mexico",
    "code": "MX"
  },
  {
    "names": ["Micronesia, Federated States of", "Micronesia, Federated States Of", "Micronesia"],
    "code": "FM"
  },
  {
    "names": ["Moldova, Republic of", "Moldova", "Moldova, (Republic of)", "Moldova (Republic of)", "Moldova Republic Of", "Moldova, Republic Of"],
    "code": "MD"
  },
  {
    "name": "Monaco",
    "code": "MC"
  },
  {
    "name": "Mongolia",
    "code": "MN"
  },
  {
    "name": "Montenegro",
    "code": "ME"
  },
  {
    "name": "Montserrat",
    "code": "MS"
  },
  {
    "names": ["Morocco", "Morocoo"],
    "code": "MA"
  },
  {
    "name": "Mozambique",
    "code": "MZ"
  },
  {
    "names": ["Myanmar", "Myanmar (Burma)", "Burma"],
    "code": "MM"
  },
  {
    "name": "Namibia",
    "code": "NA"
  },
  {
    "name": "Nauru",
    "code": "NR"
  },
  {
    "name": "Nepal",
    "code": "NP"
  },
  {
    "name": "Netherlands",
    "code": "NL"
  },
  {
    "name": "New Caledonia",
    "code": "NC"
  },
  {
    "name": "New Zealand",
    "code": "NZ"
  },
  {
    "names": ["Nicaragua", "Nicaragura"],
    "code": "NI"
  },
  {
    "name": "Niger",
    "code": "NE"
  },
  {
    "name": "Nigeria",
    "code": "NG"
  },
  {
    "name": "Niue",
    "code": "NU"
  },
  {
    "name": "Norfolk Island",
    "code": "NF"
  },
  {
    "name": "Northern Mariana Islands",
    "code": "MP"
  },
  {
    "name": "Norway",
    "code": "NO"
  },
  {
    "name": "Oman",
    "code": "OM"
  },
  {
    "name": "Pakistan",
    "code": "PK"
  },
  {
    "name": "Palau",
    "code": "PW"
  },
  {
    "names": ["Palestine, State of","Palestine, State Of"],
    "code": "PS"
  },
  {
    "name": "Panama",
    "code": "PA"
  },
  {
    "name": "Papua New Guinea",
    "code": "PG"
  },
  {
    "name": "Paraguay",
    "code": "PY"
  },
  {
    "name": "Peru",
    "code": "PE"
  },
  {
    "name": "Philippines",
    "code": "PH"
  },
  {
    "name": "Pitcairn",
    "code": "PN"
  },
  {
    "name": "Poland",
    "code": "PL"
  },
  {
    "name": "Portugal",
    "code": "PT"
  },
  {
    "name": "Puerto Rico",
    "code": "PR"
  },
  {
    "name": "Qatar",
    "code": "QA"
  },
  {
    "name": "Reunion",
    "code": "RE"
  },
  {
    "name": "Romania",
    "code": "RO"
  },
  {
    "names": ["Russian Federation", "Russia"],
    "code": "RU"
  },
  {
    "name": "Rwanda",
    "code": "RW"
  },
  {
    "name": "Saint Barthelemy",
    "code": "BL"
  },
  {
    "names": ["Saint Helena, Ascension and Tristan da Cunha", "Saint Helena, Ascension And Tristan Da Cunha", "Saint Helena"],
    "code": "SH"
  },
  {
    "name": "Saint Kitts and Nevis",
    "code": "KN"
  },
  {
    "name": "Saint Lucia",
    "code": "LC"
  },
  {
    "names": ["Saint Martin (French part)", "Saint Martin"],
    "code": "MF"
  },
  {
    "names": ["Saint Pierre and Miquelon", "Saint Pierre And Miquelon"],
    "code": "PM"
  },
  {
    "names": ["Saint Vincent and the Grenadines", "Saint Vincent And The Grenadines"],
    "code": "VC"
  },
  {
    "name": "Samoa",
    "code": "WS"
  },
  {
    "name": "San Marino",
    "code": "SM"
  },
  {
    "name": ["Sao Tome and Principe", "Sao Tome And Principe"],
    "code": "ST"
  },
  {
    "name": "Saudi Arabia",
    "code": "SA"
  },
  {
    "name": "Senegal",
    "code": "SN"
  },
  {
    "name": "Serbia",
    "code": "RS"
  },
  {
    "name": "Seychelles",
    "code": "SC"
  },
  {
    "name": "Sierra Leone",
    "code": "SL"
  },
  {
    "name": "Singapore",
    "code": "SG"
  },
  {
    "names": ["Sint Maarten (Dutch part)", "Sint Maarten"],
    "code": "SX"
  },
  {
    "names": ["Slovakia","Slovak Republic"],
    "code": "SK"
  },
  {
    "name": "Slovenia",
    "code": "SI"
  },
  {
    "name": "Solomon Islands",
    "code": "SB"
  },
  {
    "name": "Somalia",
    "code": "SO"
  },
  {
    "name": "South Africa",
    "code": "ZA"
  },
  {
    "names": ["South Georgia and the South Sandwich Islands", "South Georgia And The South Sandwich Islands", "South Georgia", "South Georgia"],
    "code": "GS"
  },
  {
    "name": "South Sudan",
    "code": "SS"
  },
  {
    "names": ["Spain", "Spanien"],
    "code": "ES"
  },
  {
    "name": "Sri Lanka",
    "code": "LK"
  },
  {
    "name": "Sudan",
    "code": "SD"
  },
  {
    "name": "Suriname",
    "code": "SR"
  },
  {
    "names": ["Svalbard and Jan Mayen", "Svalbard And Jan Mayen"],
    "code": "SJ"
  },
  {
    "name": "Swaziland",
    "code": "SZ"
  },
  {
    "name": "Sweden",
    "code": "SE"
  },
  {
    "name": "Switzerland",
    "code": "CH"
  },
  {
    "name": "Syrian Arab Republic",
    "code": "SY"
  },
  {
    "names": ["Taiwan, Province of China", "Taiwan", "Taiwan, Province Of China"],
    "code": "TW"
  },
  {
    "name": "Tajikistan",
    "code": "TJ"
  },
  {
    "names": ["Tanzania, United Republic of", "Tanzania", "Tanzania, United Republic Of"],
    "code": "TZ"
  },
  {
    "name": "Thailand",
    "code": "TH"
  },
  {
    "name": "Timor-Leste",
    "code": "TL"
  },
  {
    "name": "Togo",
    "code": "TG"
  },
  {
    "name": "Tokelau",
    "code": "TK"
  },
  {
    "name": "Tonga",
    "code": "TO"
  },
  {
    "names": ["Trinidad and Tobago","Trinidad And Tobago"],
    "code": "TT"
  },
  {
    "name": "Tunisia",
    "code": "TN"
  },
  {
    "name": "Turkey",
    "code": "TR"
  },
  {
    "name": "Turkmenistan",
    "code": "TM"
  },
  {
    "names": ["Turks and Caicos Islands", "Turks And Caicos Islands"],
    "code": "TC"
  },
  {
    "name": "Tuvalu",
    "code": "TV"
  },
  {
    "name": "Uganda",
    "code": "UG"
  },
  {
    "name": "Ukraine",
    "code": "UA"
  },
  {
    "name": "United Arab Emirates",
    "code": "AE"
  },
  {
    "names": ["United Kingdom", "Scotland", "United Kingdom Of Great Britain And Northern Ireland", "Great Britain", "Wales", "Northern Ireland", "Britain"],
    "code": "GB"
  },
  {
    "names": ["United States", "USA", "US", "Usa", "United States Of America", "Us"],
    "code": "US"
  },
  {
    "name": "United States Minor Outlying Islands",
    "code": "UM"
  },
  {
    "name": "Uruguay",
    "code": "UY"
  },
  {
    "name": "Uzbekistan",
    "code": "UZ"
  },
  {
    "name": "Vanuatu",
    "code": "VU"
  },
  {
    "names": ["Venezuela, Bolivarian Republic of", "Venezuela, Bolivarian Republic Of"],
    "code": "VE"
  },
  {
    "names": ["Viet Nam", "Vietnam"],
    "code": "VN"
  },
  {
    "names": ["Virgin Islands, British", "British Virgin Islands"],
    "code": "VG"
  },
  {
    "name": "Virgin Islands, U.S.",
    "code": "VI"
  },
  {
    "names": ["Wallis and Futuna", "Wallis And Futuna"],
    "code": "WF"
  },
  {
    "name": "Western Sahara",
    "code": "EH"
  },
  {
    "name": "Yemen",
    "code": "YE"
  },
  {
    "name": "Zambia",
    "code": "ZM"
  },
  {
    "name": "Zimbabwe",
    "code": "ZW"
  }
]
