country,name,address,lat,lng
BANGLADESH,NOMAN TERRY TOWEL MILLS LTD,"VAWAL MIRZAPUR,GAZIPUR,BANGLADESH;",24.0838737,90.35010199999999
BANGLADESH,ZABER AND ZUBAIR FABRICS LTD,"PAGAR,TONGI,GAZIPUR,DHAKA,BANGLADESH;",23.8928709,90.4193781
CHINA,ANHUI LANLAN TOWEL & SHEET CO LTD,"TEXTILE INDUSTRIAL PARK,ZONGYANG ECONOMIC DEVELOPMENT ZONE,ZONGYANG,ANQING,ANHUI,CHINA;",30.700733,117.2202
CHINA,BAIJIA (FUJIAN) UNDERWEAR CO LTD - HUAHAI VILLAGE,"BAIJIA INDUSTRIAL PARK,HUAHAI VILLAGE,SHENHU PARK OF JINJIANG ECONOM,JINJIANG,FUJIAN,CHINA;",24.608393,118.649582
CHINA,CREATION TEXTILES CO LTD,"NO. 12 SHITIAN ROAD,YANGCHENGHU TOWN,XIANGCHENG DISTRICT,SUZHOU,JIANGSU,CHINA;",31.5051832,120.7250682
CHINA,DONGGUAN CHA SHAN WING LUEN KNITTING FACTORY,"LI BEN INDUSTRIAL PARK,NAN SHE INDUSTRIAL AREA,CHA SHAN TOWN,DONGGUAN,GUANGDONG,CHINA;",23.076233,113.86913
CHINA,FUJIAN JINJIANG HUAMEI KNITTING AND CLOTHING CO LTD,"DONGSHAN,SHENHU TOWN,JINJIANG,FUJIAN,CHINA;",24.7149593,118.5276345
CHINA,FUZHOU QINGXIANG PLASTIC & RUBBER CO LTD,"YUZHAI VILLAGE,GAISHAN TOWN,CANGSHAN DISTRICT,FUZHOU,FUJIAN,CHINA;",26.025576,119.334132
CHINA,FUZHOU TIANFU PLASTIC CO LTD,"16 DAOSHANSHAN ROAD,AOSHAN VILLAGE LUOZHOU TOWN CANGSHAN DISTRICT,FUZHOU,FUJIAN,CHINA;",25.981892,119.349358
CHINA,HANGZHOU QIYAO TEXTILE CO LTD,"NO 17 HONGDA ROAD,LINPING,YUHANG,HANGZHOU,ZHEJIANG,CHINA;",30.458229,120.286136
CHINA,HE ZE FITEX APPAREL CO LTD,"WEST OF HOSPITAL,WANGHAOTUN TOWN,MUDAN DISTRICT,HEZE,SHANDONG,CHINA;",35.127931,115.314703
CHINA,HEZE ELEGANCE FASHIONS LTD,"NO 978 JINAN ROAD,HEZE,SHANDONG,CHINA;",35.2188732,115.5362891
CHINA,JIANDE XINDA METAL CRAFT CO LTD,"HOU TANG INDUSTRIAL ZONE,JIANDE,HANGZHOU,HANGZHOU,ZHEJIANG,CHINA;",30.003655,119.741865
CHINA,JIANGSU BONAS KNITTING CO LTD,"6 YIWU RD,SHUYANG,JIANGSU,CHINA;",34.1266336,118.8357962
CHINA,JIAXING XIU XIN KNITTING CO LTD,"199 CHAOHUI ROAD,NANHU ECONOMIC AREA,JIAXING,ZHEJIANG,CHINA;",30.765557,120.754917
CHINA,JINGJIANG XINJIYUAN KNITTING CO LTD-2,"NO. 3 HUIFENG JIXIANG ROAD DONGXING TOWN,JINGJIANG,JINGJIANG,JIANGSU,CHINA;",31.9816401,120.1879397
CHINA,LIANGSHAN HENGTAI GARMENTS MANUFACTURING CO LTD,"SHOUZHANGJI ECONOMY DEVELOPMENT DISTRICT,LIANGSHAN,JINING,SHANDONG,CHINA;",35.802306,116.096044
CHINA,M & F HOMETEX CO LTD,"SOUTH FUNIU ROAD,NANYANG,HENAN,CHINA;",32.9468962,112.5401619
CHINA,NANJING HENGGU ACCESSORIES CO LTD,"NO 8 HUASHANG ROAD,LUKOU CHINESE ENTREPRENEURS PARK,LUKOU TOWN,JIANGNING,NANJING,JIANGSU",31.767874,118.84885
CHINA,NANTONG SIAN TEXTILE CRAFTS CO LTD,"NO 18 WEI-ER ROAD,TONGZHOU DISTRICT,NANTONG,JIANGSU,CHINA;",32.0600564,120.9741781
CHINA,NANTONG YAOXING,"NO.999,TONGFUBEI RD.,CHONGCHUAN,NANTONG,NANTONG,JIANGSU",32.009875,120.857434
CHINA,NINGBO HUIDUO WEAVING CO LTD,"XUEJIA INDUSTRIAL ZONE,GULIN TOWN,YINZHOU,NINGBO,ZHEJIANG,CHINA;",29.8578781,121.5000689
CHINA,PAN AN WELLSUN ARTS & CRAFTS CO LTD,"NO. 30 GENXI ROAD,PAN AN COUNTY,ZHEJIANG PROVINCE,CHINA,YIWU,ZHEJIANG",29.0405016,120.4647385
CHINA,PUJIANG KINGSHOW CARPET CO LTD,"NO.75-1 ZHEN PU ROAD,PU JIANG,ZHE JIANG,CHINA,PU JIANG,ZHE JIANG",29.9786518,120.256368
CHINA,RUGAO HONGTAI TEXTILE CO LTD,"JIANG'AN RUGAO CITY,JIANGSU PROVINCE,CHINA,RUGAO,JIANGSU,CHINA;",32.370557,120.574945
CHINA,SHANGYU ARTS AND CRAFTS FACTORY,"NO 17 LANXIONGSHAN MIDDLE ROAD,LIANGHU INDUSTRY DISTRICT,SHANGYU,SHAOXING,ZHEJIANG,CHINA;",29.9801421,120.9109684
CHINA,SHAOXING JINHAIMAN KNIT & GARMENT CO LTD,"48 XINGPU ROAD,SHAOXING,ZHEJIANG,CHINA;",30.10477899999999,120.530726
CHINA,SHUYANG OLMAR SHOES CO LTD,"SHIZI INDUSTRIAL PARK,SHUYANG,JIANGSU,CHINA;",34.111022,118.804784
CHINA,SUNVIM GROUP CO LTD MILL 2,"NO.1 FURI STR.,GAOMI,SHANDONG,CHINA;",36.374979,119.790039
CHINA,TAIZHOU JIAOJIANG ERQING EMBROIDERED ART CLOTHES FACTORY,"NO 1 HUANHE(N) ROAD BAISHULI INDUSTRIAL AREA,ZHANG AN STREET,JIAOJIA,TAIZHOU,ZHEJIANG,CHINA;",28.7097841,121.4145486
CHINA,TONG XIANG ZHONG XIANG TEXTILES CO LTD,"223 FENGXIANG ROAD,TONGXIANG,ZHEJIANG,CHINA;",30.5984285,120.570526
CHINA,TONGCHENG FENGRUIDE HOUSEHOLD ARTICLES CO LTD,"QINGLONG VILLAGE,DAGUAN TOWN,TONGCHENG,ANHUI,CHINA;",30.945195,116.735716
CHINA,WUXI PENGYU KNITTING CO LTD,"XITANG VILLAGE,QIANZHOU TOWN,WUXI,JIANGSU,CHINA;",31.6840579,120.1988048
CHINA,XIANG TENG HOME TEXTILES FACTORY,"ECONOMICAL DEVELOPING ZONE,7 SOUTH XI KANG ROAD,DA FENG DISTRICT,YANCHENG,JIANGSU,CHINA;",33.200333,120.50085
CHINA,YANGZHOU HENGTONG CAP & GLOVES CO LTD,"NO.18,JINSHAN ROAD,BALI TOWN,ECONOMIC & DEVELOPING AREA.,YANGZHOU,JIANGSU",30.741991,121.341969
CHINA,YANTAI PACIFIC HOME FASHION FUSHAN MILL,"NO. 188,PUWAN STREET,FUSHAN DISTRICT YANTAI,YANTAI,SHANDONG,CHINA;",37.517405,121.23711
CHINA,YUEYANG BAOLI TEXTILES CO LTD,"SHIFU INDUSTRIAL PARK,HUARONG COUNTY,YUEYANG,HUNAN,CHINA;",29.531057,112.540463
CHINA,ZHANGJIAGANG SUNRISE HOME TEXTILE CO LTD,"NO.63 NORTH ROAD,FENGHUANG TOWN,ZHANGJIAGANG,JIANGSU,CHINA;",31.875572,120.556005
CHINA,ZHAOYUAN CASTTE GARMENT CO LTD,"PANJIAJI VILLAGE,LINGLONG TOWN,ZHAOYUAN CITY,SHANDONG PROVINCE,ZHAOYUAN,SHANDONG",37.355469,120.434071
CHINA,ZHEJIANG JINO TEXTILES CO LTD,"79 XINSI ROAD,HANGZHOU LINPING,HANGZHOU,ZHEJIANG,CHINA;",30.4206,120.30185
CHINA,ZHEJIANG WEINA KNITTING INDUSTRIES CO LTD,"YIBEI INDUSTRIAL ZONE,SUXI TOWN,YIWU,ZHEJIANG,CHINA;",29.4002639,120.129008
INDIA,BALLYFABS INTERNATIONAL LTD,"3 HAREN MUKHERJEE ROAD,BELUR,HOWRAH,WEST BENGAL,INDIA;",22.6226309,88.355991
INDIA,JVS EXPORT,"MITPL,2,MITPL CAMPUS,BYE PASS ROAD T. VADIPATTI POST,MADURAI,TAMILNADU",9.9267769,78.0947748
INDIA,MUTHU EXPORT HOUSE,"S.F.NO:366 / 1A,D.NO:25,PERIYAKULATHUPALAYAM,VENKAMEDU,KARUR,TAMILNADU",10.9770793,78.08015929999999
INDIA,RIVIERA HOME FURNISHINGS PVT LTD,"PLOT NO 07 & 44,SECTOR 29,HUDA,PANIPAT,HARYANA",17.513591,78.463369
INDIA,WELSPUN INDIA LTD,"WELSPUN CITY ANJAR - BHACHAU ROAD,ANJAR,GUJARAT,INDIA;",23.1190041,70.06777520000001
