country,name,address,lat,lng
PK,BOX RING,"MAQBOOL ROAD ,NOAL MORE OPP WAZIRABAD ROAD, Sialkot, 51310, Punjab",32.4784473,74.4168489
ES,"Industrias Químicas Perlacos, S.L.","c/ Berlin, 33 - Pol. Ind., Torres de la Alameda, 28813, Madrid",40.4174783,-3.3785646
CN,"Jiangsu Feilong Plastic Co., Ltd ","NO.158 HUBIN SOUTH ROAD ,LUJIAXIANG, NIUTANG TOWN, WUJIN DISTRICT, ChangZhou, 213168, Jiangsu",31.731975,119.900272
CZ,A.Schmied s.r.o.,"Husova 560, PO-Box 42, Trhove Sviny, 37401, Jihocesky",48.8423175,14.6392384
JP,Daitatsu Co Ltd,"111, Gohmae, Ojima-Cho, Nishio, 445-0006, Aichi",34.8828787,137.0949959
PR,Protego,"147 Comercio Avenue, Hatillo, 659, Hatillo",18.4876632,-66.8117537
EG,FUTURE FASHION,"92 A-1st industrial Zone, (Free Zone), Giza, 12581, 6th of October",29.9270238,30.8843434
CN,"ZhuJi HuaLiDa Knitting and Textile Co., Ltd.","Chuntang West Village,, Caota Town,, Zhuji City, 311812, Zhejiang",29.6833268,120.1386353
GT,Mata Textiles S.A.,"KM 16.5 Carretera A San Juan Scatepequez, Parque Industrial Mixco Norte Lote C10-11 , Mixco, 1006, Guatemala",14.6551581,-90.5970909
CN,"Shanghai Qianrun Garments Co., Ltd","No.233, Lane1888, Daye Road,, WuQiao Industrial Zone,, FengXian District,, Shanghai, 201402, Shanghai Shi",30.9728225,121.7141235
SV,Textiles Opico SA de CV,"KM 31.4 Carretera a Santa Ana, San Juan Opico, 1101, La Libertad",13.8758656,-89.3582599
VN,"PHI Co., Ltd.","No. 10, Dai An Industrial Zone, Tu Minh , Hai Duong, 17000, Hai Duong",20.9329079,106.2686966
CN,Regina Miracle Intimate Apparel (Shenzhen) Ltd.,"No.5 Cengyao Industrial Estate Yulu, Gongming Baoan ,Shenzhen,Guangdong, P.R.China , Gongming Yulu, Bao'an District, Shenzhen, 518132, Guangdong",22.7237606,113.9068159
CN,"Shanghai Weijie Garment Co., Ltd.","No. of 1228, Huiping Road,, Nanxiang Town, Jiading District, Shanghai, 201802, Shanghai",31.307158,121.2795467
CN,ZHUCHENG HENGWEI CLOTHING CO.LTD,"Southern head of east ourter ring, Shandong Province, Zhucheng City, 262200, Shandong",35.9965492,119.4102688
ID,PT. Kanindo Makmur Jaya,"Jl. Raya Jepara Kudus KM 19,, Ds. Pendosawalan,, Kecamatan Kalinyamatan, Kabupaten Jepara, 59462, Jawa Tengah",-6.732359,110.7302234
CN,"Kunshan Gea-Reach Garments Co., Ltd.","No.577 Jiguang North Road, Shipu Qiandeng Town, Kunshan, 215343, Jiangsu",31.2487934,121.0405656
CN,MOLTEN SPORTS (SIHONG) CORPORATION,"28 Hongyuan Road , Sihong Economic Development Zone, Suqian, 223900, Jiangsu",33.4723445,118.1970359
CA,CYC Manufacturing,"68 East 1st Ave, Vancouver, V5T 1A1, British Columbia",49.2700769,-123.1036081
CN,CHANGSHU KINSEI FASHION CO LTD,"No.1 MEIBEI RD, MEILI TOWN,, CHANGSHU, 215511, Jiangsu",31.7065506,120.8709147
CN,FOSHAN SHUNDE STRATEGIC GARMENT LTD,"Chencun Industrial Park, Shun De, Fo Shan, 528313, Guangdong",22.953651,113.239516
MX,"Forta Lab, S.A. de C.V.","Av. Central 206, Manzana 2, Parque Industrial Toluca 2000, Toluca, 50233, Toluca",19.2826098,-99.6556653
CN,Qingdao Kiyomoto Suhlim Bags Co Ltd,"Dongjie Village, Lingshanwei Town, Jiaonan City, Qingdao, 266427, Shandong",35.934726,120.145297
CN,Rich Policy (Zheng Yang Sporting Goods Co Ltd),"NO.1 Hou Dao Road East, San Tun Industrial park, HouJie Town, Dongguan, 523941, Guangdong",22.935289,113.670324
CN,"Shanghai Songjiang ACE luggage Co.,Ltd","2589Shebei Road, Sheshan Town, Songjiang District, Shanghai, 201602, Shanghai Shi",31.094914,121.175027
CN,"SHISHI  HENGCHANG  SPORTS  GOODS  TRADE  CO.,LTD","ZONGSAN   INDUSTRIAL   AREA,, GANGBIAN,YONGNING TOWN,, SHISHI CITY,, Quanzhou, 362700, Fujian",24.898076,118.880635
CN,Universe Ind & Development (ShenZhen) Co Ltd,"446, Songbai Road, Gongming Street, Guangming New District, Shenzhen,  518106, Guangdong",22.7713588,113.9005834
CN,Yancheng Charlotte Socks Co. Ltd,"NO. 188 YINGBIN AVENUE, XIANGSHUI CITY, Yancheng, 224600, Jiangsu",33.98601,119.832135
CN,ZHANGJIAGANG DONGDU TEO GARMENT CO. LTD. (NEW),"NO.638 JINGANG DA DAO, ZHANGJIAGANG CITY, 215600, Jiangsu",31.824502,120.543471
US,Boathouse,"425 E. Hunting Park Avenue, Philadelphia, Philadelphia, 19124, Pennsylvania",40.0143982,-75.1181362
CN,Zhejiang Wenti Socks Co Ltd,"No. 28 Zhisheng Rd, CaoTa County, Zhuji, 311812, Zhejiang",29.6890481,120.1364882
CN,"Zhuji Quanneng Knitting Co., Ltd.","NO22 Tianyuan Rd Lingshui Caota, Zhuji, 311812, Zhejiang",18.506048,110.037503
EG,ELITE MERCHANDISING CORP.,"St. 8, El-Amrya Public Free Zone, Alexandria, 23512, Iskandariyah",31.2423001,29.9835516
DE,Zellaerosol GmbH,"Wiesenstrasse 13, Zell im Wiesental, 79669, Baden-Wuerttemberg",47.7049,7.84871
TW,Canmes Sport Co Ltd,"No 565, Jhongshan Rd., Baihe District, Tainan , 73258, Taiwan",22.9715982,120.2525163
ID,PT Semarang Garment,"Jl. Soekarno - Hatta KM. 25, Kelurahan Wujil, Kecamatan Bergas, Kabupaten Semarang, 50552, Jawa Tengah",-7.1733752,110.4156982
IT,Alialux Srl,"Via Napoli 42, Angera, 21021, Lombardia",45.7765873,8.6011138
JP,"Mitsubishi Pencil Co.,Ltd. Gunma Factory","1091, Tateishi, Fujioka, 375-8051, Gunma",36.2786443,139.0828374
TW,"Jiuh Shin Co., LTD","40-19, Bo Kon Kun, Shi-Fu Village, Shan Yih Hsiang, Miaoli Hsien, 36744, Taiwan",22.6158015,120.7120023
MC,COTY Monaco,"6 Avenue Prince Albert II, Monaco, 98000, ",43.729216,7.4161553
PK,Capital Sports Corporation (PVT) Ltd,"Capital Sports Corporation (PVT) Ltd, Kashmir Road, Pacca Garha, Sialkot, 51310, Punjab",32.5038158,74.5060775
PK,"Multi Sports Textile Pvt., Ltd.","29, K.M G.T Road Muridke, Muridke, 39000, Punjab",31.7899216,74.2563274
PL,Multi Packaging Solutions Tczew SP. Z.o.o.,"ul. Malinowska 43, Tczew, 83-100, Pomorskie",54.113147,18.795305
LK,Hirdaramani Garments Katunayake (pvt) Ltd (Cutting),"Ring Road 01, Export Process Zone, Katunayake, 112, Western",7.170921,79.8898816
TW,Everstrong Spring Industry Co Ltd,"No 45, Sec 4, Fu San Road, Fu Hsing Township, Changhua County, Chang Hua Hsien, 50602, ",24.0377011,120.4242401
TW,"MING HSING LEATHER CO., LTD.","403, Sec. 2, SHA-TIEN ROAD, TA-TU, TAICHUNG, TAIWAN, Taichung, 43242, Taiwan",24.1477358,120.6736482
TW,Torng Yaw Co. Ltd.,"No. 49, Alley 3, Lane 217, Chung Cheng Road, Yung Kang District, Tainan City, 71043, Taiwan",22.9968616,120.2174556
TH,"Thai Daizo Aerosol Co.,Ltd.","700/372 Moo 6, Tambol Nongmaidaeng, Amphur Muang, 20000, Chon Buri",12.938544,100.9048957
US,1v1 Fight Gear,"5320 Tower Way, Sanford, 32773, Florida",28.7313374,-81.3044164
VN,"An Phat Invest Joint Stock Company -  Zone A ( Unit  2, 3, 4)","Tam Quan Industrial Park, Tam Quan Town, Hoai Nhon District, Quy Nhon, 820000, Binh Dinh",14.5345745,109.0661253
VN,"FORMOSA (VIETNAM) TEXTILE INDUSTRY CO., LTD","MY XUAN A2 INDUSTRIAL ZONE, TAN THANH DISTRICT, BA RIA VUN TAU PROVINCE, BA RIA  VUNG TAU, 790000, Ba Ria-Vung Tau",10.5905556,107.0480556
VN,PUNGKOOK SAIGON III Co Ltd,"1A QUARTER, AN PHU WARD,, Thuan An Town, Binh Duong, 820000, Binh Duong",10.9478138,106.7382072
VN,"Yegin Industrial (Vietnam) Co., Ltd.","Lot 36A,37A, Long Giang Industrial Park, Tan Lap 1 Commune, Tan Phuoc District, Tien Giang Province, Tan Phuoc District, Tien Giang",10.4757047,106.3047615
CN,JIANGXI NEW STAR ENTERPRISE CO LTD.,"Wanxin Management Area, Pingxiang Economic Development Zone, Pingxiang, 337000, Jiangxi",27.6512678,113.917438
TW,Sunever Eyewear Co LTD,"42, Lane 220, SEC.2 Gongxue RD., Annan District, Tainan City, 70947, ",23.0585336,120.1358346
CN,LF Beauty Manufacturing China,"No.1, Street 5, Jinhe Industrial District, Yu Feng Village, Zhangmutou Town, Dong Guan, 523627, Guangdong",22.914646,114.083313
CN,Liaoyuan Northeast Socks Business Group Ltd,"Northeast hosiery park ,Liaoyuan Economic Development Zone ,Liaoyuan , Jilin, Liaoyuan, 136200, Jilin",42.8997251,125.1708666
AT,MONTFORT Kunststofftechnik GmbH,"Bundesstraße 15, Koblach, 6842, ",47.3239078,9.6286725
KH,Yorks (Cambodia) Co Ltd,"National Road No.1, Tai Seng SEZ, Sangkat Bavet, Bavet, N/A, Svay Rieng",11.058345,106.1135275
MX,"Laboratorios Aerosol, S.A. de C.V.","Calle Transformación, Parque Industrial PYME Capulhuac,, Localidad Agua Blanca, Km 9.5 Carretera Ocoyoacac, Santiago Tiangusitenco, Municipio de Capulhuac, 52700, Mexico",19.216999,-99.4658646
CN,"DADA WUXI Accessories Co.,Ltd","No.33,Deng Street,Hongdon Village,Gushan Town, Jiangyin, 214400, Jiangsu",31.73343,120.555956
CN,Dongguan Bin Bin Fashion Co Ltd,"49 ZhongXing Road, Renzhonggang Industrial Zone, BeiZha, Hu Men Town, Dongguan, 523000, Guangdong",22.827481,113.7152642
CN,"Fujian Jinjiang Shenhu Dali Clothing And Knitting Co,.Ltd","Dong An, Shenhu Town, Jinjiang City, 362246, Fujian",24.6157718,118.6794208
CN,Guangzhou Panyu Dong Chong Chong Ming Glove Factory,"No. 43-5, Ji Xiang Wei Nan Street,, Dong Chong Town, Nansha District, Guangzhou, 511453, Guangdong",22.8863474,113.4556904
CN,Hengdian Lucheng Knitting Garment Factory,"No.9, Changsheng Road, Hengdian Town, Dongyang City, 322118, 1, 322118, Zhejiang",29.150009,120.280801
CN,"NingBo AiQiOu Garment Co., Ltd.","No. 111 XiaoGao West Road, XinXing Industrial Park , ShouNan Street , Ningbo, 315194, Zhejiang",29.7977281,121.516958
CN,"Ningbo Sunful Travelling Goods Co,Ltd","No 46 Hongxiang Rd, Hongtang Industrial Zone A, Jiangbei District, Ningbo, 315033, Zhejiang",29.941014,121.522364
CN,QINGDAO XINZHOU SPORT PRODUCTS CO LTD,"HONGSHIYA TOWN, HUANGDAO DISTRICT, Qingdao, 266000, Shandong",36.0663582,120.3826253
CN,"Shanghai Nikki Fashion Co., Ltd.","189 Beidou Road, Minhang Economic & Technological Developement Zone, Shanghai, 200245, Shanghai",31.0085311,121.3764114
CN,SHENYANG DASON SEWING Co. Ltd.,"Xiahewan Village, Hunezhan Town, Dongling District, SHENYANG, 110101, Liaoning",41.718558,123.368014
CN,"SHISHI YAOTIAN SPORTS GOODS. CO.,LTD.","THE THIRD INDUSTRIAL ZONE YONGNING TOWN, SHISHI , FUJIAN P.R. CHINA, SHISHI, 362700, Fujian",24.679563,118.689881
CN,"SUZHOU  HAOLILAI GARMENT CO.,LTD","NO.5-1, YOU XIANG ROAD, WUZHONG DISTRICT, SUZHOU, 215104, Jiangsu",31.1869013,120.5918001
CN,Xiamen Kingland Apparel Co Ltd,"2F, J5 Building, Yongquan Industrial Area, Guankou, Jimei, Xiamen, 361023, Fujian",24.61667,117.9984767
CN,Xuancheng Naier Socks Co. Ltd,"Huangdu Road, Xuanzhou District, Xuancheng, 242000, Anhui",30.7923079,118.8517377
CN,Yiwu HongGuang Knitting Co. Ltd,"No. 16 Workshop, Langsha Industrial Zone, Yangcun Rd, Economic Development Area, Yiwu, 322000, Zhejiang",29.2908873,120.0340264
RO,East Coast,"STR Timisorii NR 143-147, Lugoj, 305500, Timis",45.698715,21.8944511
CN,"ZHEJIANG OUTLOOK OPTICAL MANUFACTORY CO., LTD.","No. 12 Shengye Road,, LuCheng Light Industry Specialized Zone, Wenzhou, 325019, Zhejiang",28.087854,120.5527561
IN,JVS SPORTING GOODS,"B-9, Sports Goods Complex , Delhi Road, Meerut, 250001, Uttar Pradesh",28.961295,77.6851757
ID,PT Gistex,"Jl Raya Bandung Cirebon Desa Sinarjati, RT 01 RW01, Dawuan, Majalengka, 45453, Jawa Barat",-6.7519048,108.2082463
ID,PT Taitat Putra Rejeki,"JI Industri No.54 , Tarikolot, Citeureup, Bogor, 16180, Jawa Barat",-6.492602,106.8890766
IT,Silcon Plastic S.R.L.,"ZONA INDUSTRIALE 2,, FORNO DI ZOLDO Belluno,, FORNO DI ZOLDO Belluno, 32012, Veneto",46.3500052,12.1882683
JP,"Syuyusya Co.,Ltd.","5-1-10, shinozaki-machi, Edogawa-ku, 133-0061, Tokyo",35.7059504,139.9039271
JP,Yorks Co Ltd,"609-2 Minato, Higashi Kagawa, 769-2798, Kagawa",34.2438086,134.3587426
PK,Crown Textile Unit No.II,"Plot No. D-249/C1,, S.I.T.E, KARACHI, 75840, Sindh",24.9066498,67.0155142
CN,"Ningbo Jinkang Industry Co., Ltd","No 1 Yuzhaojiang Road, Yuyao City, 315400, Zhejiang",30.0753334,121.183731
PK,N.F.K. Exports (Pvt) Ltd.,"F-748/C, SITE, KARACHI, 75700, Sindh",24.9052973,66.9942901
PL,Euro-pegaz Logistyka Sp. z.o.o. - 2,"Centrum Logistyczne, Rozdzieskiego 12, Dabrowa Gornicza, 41-300, Slaskie",50.349664,19.266091
ES,"Sampling Innovations Barcelona, S.L.","C/ Placa nova, 1, Santa Perpetua de la Mogoda, 8202, ",41.53468,2.1826677
LK,Hirdaramani Mercury Apparel (Pvt) Ltd - Kirindiwela,"Lot 3, Maligawatte, kirindiwela, 11730, Western",6.9372716,79.8717512
TW,"Elysian Enterprise Co., Ltd.","No. 5 JuiHsing Street, ChungHsing Industrial Park, Tongluo,, Miaoli, 36647, Taiwan",24.4481942,120.792458
TW,"SUN SIGHT GLASSES CO., LTD.","No.25 Lane 150 Sec.2 An Ho Rd., Annan District (70967), Tainan, 70967, Taiwan",23.0341761,120.192621
TW,"Yao I Fabric Co.,Ltd","No.13 Lugong N.1st Rd, Lukang Township, Changhua County, 50544, Taiwan",24.0844397,120.4151756
TH,"Nan Yang Garment Co., Ltd. 3","168,170,172 Moo1,Phetkasem Rd.,, Sampran, 73110, Nakhon Pathom",13.7466629,100.2058515
TR,Erateks Tekstil Sanayi ve Ticaret A.Ş. ,"Zafer Mah. 140. Sok. No:45 /1, Esenyurt/Istanbul, PK 34513, Istanbul",41.0191585,28.6806609
US,PHARMASOL CORPORATION,"1 Norfolk Ave., Easton, 2375, Massachusetts",42.050863,-71.0726191
VN,"Fashion Garments 2 Co., Ltd","Road 3, Bien Hoa Industry zone 1, Bien Hoa city, Dong Nai Province, Bien Hoa, 71000, Dong Nai",10.9180552,106.8563612
VN,"Haivina Kim Lien Co., Ltd.","NAM GIANG INDUSTRIAL COMPLEX,, NAM GIANG COMMUNE, NAM DAN DISTRICT, 460000, Nghe An",18.6986693,105.5884754
VN,"Jasan socks Vietnam Co., LTD","No.2, Road 17, Vsip Hai Phong Township,  Industrial & Service Park, Thuy Trieu ward,, Thuy Nguyen district, Hai Phong city, 180000, Thanh Pho Hai Phong",20.8449115,106.6880841
CN,"Jiangsu Tianhai Garments Co.,Ltd","NO.8,Tianhai Road, Guoyuan, Changjiang Town, Rugao City, 226542, Jiangsu",32.153231,120.605183
VN,"Shilla Glovis Viet Nam Co., LTD","Cho Moi Hamlet, Long Hoa Commune, Go Cong Town, Tien Giang Province, Viet Nam, Tien Giang, 860000, Tien Giang",10.4825247,105.4771084
VN,Thuan Phuong Embroideries Garments Company Limited Binh Chanh Factory,"D15/8 Dinh Duc Thien, Hamlet 4, Binh Chanh Commune, Binh Chanh District, Thanh pho Ho Chi Minh",10.662564,106.573345
CN,JINJIANG DALI GARMENTS & WEAVING Co. Ltd.,"Donghaian Industrial Zone, Shenhu Town, jinjiang, 362200, Fujian",24.817673,118.583242
CN,JunYang (FuQing) Travel Appliances Co Ltd,"No. 336 Longjiang Road, Fuqing County, Fuzhou City, 350300, Fujian",25.703726,119.382715
CN,"Lexi (Ningbo) Garment Co., Ltd.","Panhuo Inudstrial Zone, Sonjiang Road , Ningbo, Zhejiang , Ningbo , 315100, Zhejiang",29.8162801,121.5467603
CN,"Lianyungang Taiyoung Fashion Co., Ltd.","No. 998 Jingdudadao Economic Industrial Park, Donghai, Lianyungang, 222300, Jiangsu",34.542308,118.752842
CN,"Mingle (China) co ltd,.","Xiban Industrial District,Chendai Town,Jinjiang, jinjiang, 362211, Fujian",24.818603,118.5925298
CN,"Nanjing Saga Garment Co., Ltd.","28 Fengze Road,, JiangNing district,, Nanjing city,, 211103, Jiangsu",31.9852808,118.8708414
CN,Nantong City Taierjia Knitting Garment Co.Ltd.,"No. 1 Chengxi Road, Rugao City, 226575, Jiangsu",32.3983385,120.5102395
AT,Silhouette International,"Elbognerstrasse 24,  Linz, 4021",48.30694,14.28583
BD,Uni Gears LTD,"Badshamia School Road, Khailkur, Board Bazar, Gazipur, 1704, Dhaka",23.9403407,90.3881663
KH,I-CHENG CORPORATION,"NATIONAL ROAD, NO. 3, PHUM TANG DONG, KHUM TANG DONG, SROK BATY, 21311, Takeo",10.9321519,104.798771
CA,LEK Inc.,"315 Knowlton Road, Knowlton, J0E 1V0, Quebec",45.2156194,-72.5134378
CN,Baijia (Fujian) Underwear Co Ltd,"Baijia Industrial Park , Shenhu Town, jinjiang, 362246, Fujian",24.608393,118.649582
PK,DK FITNESS (PVT) LTD.,"SAIDPUR ROAD, Sialkot, 51310, Punjab",32.5862555,74.5619968
CN,Cheng Guan Sport Product Technology Co. ltd,"Xin cheng Industrial Park, Liao Bu Town, Dongguan, 523426, Guangdong",22.9913577,113.8761434
CN,DIXON SPORTS,"No. 150 Heping Rd North, Yingde, Guangdong",24.19719,113.413724
CN,Dongguan Chunlee Watch Company Limited,"No.47,Street 7,, Long Yan Park, Humen Town,, Dongguan, 511761, Guangdong",25.075123,117.017536
CN,Dongguan Surewin Watch Company Limited,"Block 6, Bai Da Industrial Zone, Bai Guo Dong District, Zhang Mutou Town, Dongguan, 523638, Guangdong",22.9105867,114.0544431
CN,GP2 Xinfeng Plant Limited,"No.63, XinFeng Industrial Park, XinFeng County, GanZhou, 341600, Jiangxi",25.4324566,114.9168432
CN,HeShan YaYao Zeng Zhao Shoes Factory ,"No. 136, Xing Ya Road, YaYao Industrial Area, YaYao Town, HeShan, 529700, Guangdong",22.706598,113.008586
CN,Huayuan Headwear Manufacturing Co. Ltd ,"1099 Xiushan West Road, Haimen, 226100, Jiangsu",31.882927,121.1350339
CN,"Nantong Huiyuan Plastic Products Co., Ltd","No.26, Su Chi Village, Liuqiao Town,Tongzhou City, Nantong, 226300, Jiangsu",32.079697,121.0767499
CN,"Ningbo Fenghua Hengyi Garments Co., Ltd.","NUMBER 48, HENGAN ROAD, FANGQIAO INDUSTRIAL, JIANGKOU STREET, FENGHUA, Ningbo , 315514, Zhejiang",29.761456,121.452792
CN,Ningbo Kelly Fashions,"Wangjiaqiao town, Yinzhou district, Ningbo City, 315100, ",29.8162801,121.5467603
CN,Qingdao Huahe Knitting Co Ltd,"NO.301  HUANGHE 2 ROAD ,JIMO QINGDAO, Jimo, Qingdao, 266200, Shandong",36.4051204,120.4235072
CN,Quanzhou Hecheng Bags Co. Ltd,"Tangxi Industrial Zone, Wanan Street , Luojiang District, Quanzhoou, 362000, Fujian",24.8777044,118.6127262
CN,Q-Yield Outdoor Gear Ltd. ,"No. 9 Dongfu West 2nd Road, Haicang, Xiamen, 361027, Fujian",24.5328182,117.9644534
CN,Shandong Gunze Apparel Ltd.,"Dongfeng Group Industry Zone Mingshui Economic  Zone,, Zhangqiu, 250200, Shandong",36.714433,117.548204
CN,Shanghai Yutuo Knitting Co. Ltd,"NO 118 KANBEI ROAD, SITUAN TOWN, FENGXIAN DISTRICT, Shanghai, 201412, Shanghai Shi",30.932247,121.727369
CN,"SHENG COMPOSITE TECH CO., LTD (XIAMEN)","38TH HULI INDUSTRIAL PARK, MEIXI ROAD, XIKE TOWN, Xiamen, 361100, Fujian",24.65534,118.15481
CN,Shenzhen HeiYun Packing Co Ltd,"Building 48 & 1/F to 3/F of Building 47,, Bao-Tian Industrial Zone, Oian-Jin 2 Rd, XiXiang, Baoan District , Shenzhen City , 518102, Guangdong",30.525022,114.357743
CN,"Subsidiary Factory of Zhejiang Hongyao Socks Co, Ltd","No. 42, Chuntang Road,, Caota Town,, Zhuji, 311820, Zhejiang",29.6833268,120.1386353
CN,"Suzhou Jiahua Biochemistry Co., Ltd.","No. 688 GuoQing Road, Lili Town, Wujiang, SUZHOU, 215212, Jiangsu",30.9923161,120.7050103
CN,TIAN JIN YIN MEI GARMENT COMPANY LIMITED,"MAJIADIAN INDUSTRIAL AREA OF , BAODI COUNTY, Tianjin, 301800, Tianjin Shi",39.660895,117.270582
CN,Worthpak Manufacturing Limited,"Shanbaotan Industrial Zone, Shipai Town, Donguan City, 523335, Guangdong",23.089173,113.939925
CN,XIAMEN B-SHENG COMPOSITE TECH CO LTD,"100 Simingyuan, Tongan Jizhong Industrial, Tongan District, Xiamen , 361022, Fujian",24.6881481,118.1190091
CN,"Xiamen Mydo Sports Equipment Co., Ltd.","No. 30, Bannan Road, Dongfu Street, Haicang District, Xiamen, 361026, Fujian",24.55324,117.9321587
CN,"Xinxing Xin De Run Garment Co., Ltd","Guangxing Avenue, Dongyao, Dongcheng Town, Xinxing County, Yunfu, 527400, Guangdong",22.6981896,112.2744949
CN,YIA-CHYNS TEXTILE (SHANGHAI) CORP,"BUILDING 2, NO.688 FENG YONG ROAD, FENGXIAN DISTRICT, Shanghai, 201414, Shanghai Shi",30.9442163,121.7206453
CN,"Young Sporting Goods (Suzhou) Co., Ltd.","No.498 ChangAn Road, Wujiang Economic & Technological Development Zone, SUZHOU, 215200, Jiangsu",31.1153925,120.662391
CN,Zhejiang Arcana Power Health Tech Co Ltd,"Nr 618 Xinxing Avenue , Zonghan,Emerging Industrial Area, Cixi, Cixi, 515000, Zhejiang",30.2296821,121.2083522
RU,JSC Arnest,"Kombinatskaya str, 6, Nevinnomyssk, 357107, Stavropol'skiy",44.6846106,41.9587532
CN,"Zhejiang Hongyao Socks Co.,Ltd.","NO. 88 HANG JIN QI VILLAGE, CAOTA TOWN, Zhuji, 311812, Zhejiang",29.6794775,120.1368742
CN,"Zhejiang Meixina Garment Co., Ltd","No. 366 Xiwang Road, Jindong Economic Development Zone, JinHua, 321036, Zhejiang",29.2052593,119.8363482
CN,"Zhejiang Shaxue Underwear Co., Ltd.","No. 100 Qianan Road, Fotang Town, Yiwu, 322023, Zhejiang",29.1915051,120.0498907
CN,Zhongshan WeiLi Textile Co. Ltd.,"The second Industrial Area, SanXiang Town, Zhongshan, 528463, Guangdong",22.358169,113.440958
CN,ZhuCheng RiLi Garments Co. LTD.,"South west end of mianzhi street , Zhucheng, Shandong  province , Zhucheng, 262200, Shandong",35.9822127,119.3932275
CZ,Ravensburger Karton s.r.o. (RKC),"Strizezska 968,  , Policka, 57201, ",49.714934,16.2658769
EG,Ahmed Ahmed Abbas for Readymade Garments,"El Andalus St, El Bagour, Menofia, 2002, Al Minufiyah",30.4396164,31.0358045
EG,T.M.I EGYPT,"STREET NO.9 AMRIYA PUBLIC FREE ZONE,  ALEXANDRIA    , 23512,  ALEXANDRIA    ",31.2423001,29.9835516
SV,Impression Apparel Group S.A. de C.V.,"Blvd. Del Ejercito Km 8 1/2 Y Calle Cooperativa Algodonera, Edificio 1, Soyapango, San Salvador, ",13.6921267,-89.1362101
DE,DÖHLER GMBH,"Riedstraße 7-9, Darmstadt, 64295, ",49.8585529,8.6324328
HT,GO HAITI,"39 PARC INDUSTRIEL, SONAPI, RTE DE L’AEROPORT, PORT-AU-PRINCE, HT00043, ",18.5735608,-72.309643
HN,POLYGRAPHIC,"GREEN VALLEY INDUSTRIAL PARK, QUIMISTAN, N/A, Santa Barbara",15.3442178,-88.1830644
ID,PT Dada Indonesia,"Jl. Raya Sadang, Ciwangi, Kec. Bungursari, Purwakarta, 41118, Jawa Barat",-6.5115661,107.4577554
ID,PT Gistex Garmen Indonesia,"Jl. Panyawungan KM. 19 Cileunyi, Wetan Kabupaten Bandung , Bandung, 40622, Jawa Barat",-6.9456475,107.7537502
TW,"Jack Pan Co., Ltd.","No.9, Qianliao Rd., Shengang Dist.,, Taichung, 429, ",24.2582701,120.7014907
ID,PT KANAAN GLOBAL INDONESIA,"JL. Ronggolawe RT.02/18 Kel. Telukan, Kec. Grogol Kab. , Sukoharjo, 57552, Jawa Tengah",-7.6202257,110.8227058
ID,PT. Harindotama Mandiri,"Kapuk Kamal Muara No.88, Tegal Alur,, Kalideres, Jakarta Barat, Jakarta, 11820, Daerah Khusus Ibukota Jakarta",-6.1080637,106.71758
ID,PT. Ricky Gunze,"JL. Industry No.54, Tarikolot Citeureup, Bogor, 16810, Jawa Barat",-6.492602,106.8890766
IT,Dal Dosso Sport snc,"Via Aldo Moro, 9, 28011 Armeno (NO), Armeno, 28011, Lombardia",45.8192146,8.4367255
IT,Gloria Srl,"Via Torino, 101, Leini, Torino, 10040, Piemonte",45.1693543,7.7130898
JP,"Seed Co.,Ltd.","3-5-25 Uchindai-cho, Miyakojima-ku, 534-0013, Osaka",34.713261,135.536912
JP,TOA-STRINGS Oita Factory,"81-2, Karishuku, Oaza, Kitsuki-City, 873-0031, Oita",33.4251407,131.7038941
JP,"Yamagata Mitsubishi Pencil Precision Co.,ltd.","4026-1, kamikomatsu, kawanishi-machi, 999-0121, Yamagata",38.003935,140.043501
JP,YUI KOUBOU CO. LTD,"497-6 Yamanokami Machi, Ota-Shi, 379-2302 , Gunma",36.3475254,139.3181681
PK,Anwar Khawaja Composite,"Anwar Khawaja Yard, Sadra Badra, Daska road, Sialkot, 51310, Punjab",32.454467,74.511019
KR,Saramsarang,"306 , GUNYOUNG B/D, 1188-1, JUKJEON-DONG, SUJI-GU,, YONGIN-CITY, 3393, Gyeonggi-do",37.3319196,127.1264332
MY,Gallant Industries (M) Sdn Bhd,"LOT 73351 JALAN PENGKALAN, LAHAT, 31/500 Lahat, LAHAT IPOH, 31500, Perak",4.5418348,101.0732843
MX,Tecnosol S.A. de C.V.,"Alce Blanco 49, Fraccionamiento Industrial Alce Blanco, Naucalpan, 53370, Mexico",19.4815931,-99.2289711
NL,Eurobottle BV,"Pioniersweg 32, Dronten, 8251 KN, Flevoland",52.5406393,5.7208472
PK,Forward Sports (PVT) Ltd,"P.B. Box 1704, Adda Sahowala, Wazirabad Road, Sialkot, 51310, Punjab",32.4778044,74.4137639
PK,Mansha & Brothers PVT.Ltd.,"Wazirabad Road, Ugoki, Sialkot, 51310, Punjab",32.4784473,74.4168489
PK,Starpak Martial Arts (Pvt) Ltd,"6-Km,, Wazirabad Road near Noul,, Sialkot, 51310, Punjab",32.4896467,74.4735217
PK,XPRO Sportswear PVT. LLC.,"Near Catholic Church, AADHA, Daska Road, Sialkot, 51310, Punjab",32.4362412,74.4810947
PL,ColepCCL Polska,"Ul. Przemyslowa 10, Kleszczów, 97-410, Lodz",51.213789,19.29671
PT,"4teams - Advertising & Merchandising, Lda.","Rua da Industria, 89, PO Box 160, Vizela, 4815-901, Minho",41.3715793,-8.2967082
RO,S.C. PROGRESS S.A.,"STREET:FANTANII,27A,, Brasov,, 500482, ",45.7078076,25.5766098
ES,"GRAFOPACK, S.A.","Ctra. N-II, Km. 557, Odena, 8711, ",41.580594,1.6366222
ES,MANIPULADOS MICSOS S.L.,"Avinguda de Sant Julià, 125 - 127, Granollers, 8403, Catalunya",41.589247,2.2745065
ES,Prohima Internacional S.A.,"Crta. N-II, Km. 644 - Torre d'Ara, Mataró, 8302, Catalunya",41.5236982,2.4282035
VN,Shilla Bags International,"CHANH HAMLET,, DUC LAP HA COMMUNE, DUC HOA DISTRICT, Duc Hoa Town, 81000, Long An",10.9066982,106.4464766
LK,Ceylon Knit Trend (Pvt) Limited,"Divurumpitiya, Getahetta, Eheliyagoda, 70620, Sabaragamuwa",6.9074893,80.2279488
SY,Majed & Mohamed Alzayed Company,"Shahnaya, Daraa International Higway, PO Box 197, Damascus, 197, Dimashq",32.626434,36.1033061
TW,Chengyi Optical Co Ltd,"No.42, Industrial 2nd Road, An Nan District, Tainan, 709, ",22.9563522,120.1877943
TW,Dyaco International Inc.,"No 1 Gong 1st Rd, Gyuan Sing Industrial Park, Hemei Town, Changhua County, 508, Taiwan",24.1122859,120.4983956
TW,HO CHENG SPORTS MFG. CO. LTD.,"NO. 22, LANE 23, ZHONGYANG ROAD,, YONGKANG, TAINAN CITY, Tainan, 71045, Taiwan",23.0224096,120.2150548
TW,Lien Yei Garment Factory,"No. 413 Section 2, Ching Yun Road, Tou Chen Town, I-lan Hsing, YILAN COUNTY, 261, Taiwan",24.7591148,121.7537404
TW,"Racer Sporting Goods Co., Ltd.","17 Kung 6 Rd,, Linkou 2nd Ind. Park, New Taipei City, 24450, Taiwan",25.0776998,121.391819
TW,REN-E Sports Goods Co Ltd,"No 168, 14 Alley, Nan Yang 6 Rd, Sha Lu, Taichung Hsien, 433, ",24.2377939,120.5854674
TW,Twou Tson Enterprise Co. Ltd.,"No. 50, Lane 33, Sec 5, Chung Ho St. , Shin Sheh District, Taichung City, 42643, Taiwan",24.1477358,120.6736482
TH,"Milott Laboratories Co., Ltd.","84/55 Moo 11 Soi Tanasit, Teparak Road, Bangpla, Bangplee, Bangplee, 10540, Samut Prakan",13.592589,100.7225
US,"Hydro Graphics, Inc.","705 S. Springbrook Rd. Suite A100, Newberg, 97132, Oregon",45.2943587,-122.9486301
TH,Nan Yang Garment Co Ltd,"27 Phetkasem 71 Road, Nongkangploo, Nongkham, Bangkok, 10160, Bangkok",13.7054823,100.3692911
TH,"New Asia Sports Goods Co., Ltd","55 Suwintawong Rd., Kratumrai, Nongchok, Bangkok, 10530, Thailand., Bangkok, 10530, Bangkok",13.8143083,100.9101583
TH,"UNIVERSAL SPORTING GOODS (THAI) CO., LTD.","91/1 MOO1 SOI WATTHIEN-DAD, PETCHKASEM RD., BAN-MAI, SAMPHARN, Nakhonpathom, 73110, Nakhon Pathom",13.8049734,100.0402029
GB,Echelon Sport Ltd,"Unit D, Zenith Park, Whaley Road, Barnsley, South Yorkshire, Barnsley, S75 1HT , England",53.5678246,-1.5126593
US,Coty US LLC,"1400 Broadway Road, Sanford, 27332, North Carolina",35.4569145,-79.1107489
US,Penn Prints Inc,"7110 Center Drive, Spartanburg, 29303, South Carolina",34.9863344,-81.974703
VN,Chuan Mei Glove (Vietnam) Co. Ltd.,"Tan Thuan Export Processing Zone, NO. 12 Street, District 7, Ho Chi Minh City, 70999, ",10.7632443,106.7450111
VN,"Fashion Garments 2 Co., Ltd - Tan Phu Branch","Road 3, Tan Phu Industrial Zone, Tan Phu District , Bien Hoa, 71000, Dong Nai",11.2888542,107.4243164
VN,"Fashion Garments Mekong Co., Ltd","814B, Highway 30, Hamlet 3, An Hoa Commune, Tam Nong District,, 870000, Dong Thap",10.7407345,105.3651631
VN,Ivory Trieu Son Thanh Hoa Co.Ltd,"Hamlet 4 - Tho Vuc commune - Trieu Son district - Thanh Hoa province, Trieu Son, 440000, Thanh Hoa",19.88231,105.5796808
VN,"JC Int’l Vina Co., Ltd","Hoa Lan Quarter, Thuan Giao Ward, Thuan An Town, Binh Duong Province, Binh Duong, 72000, Binh Duong",10.9625203,106.7061586
VN,Lawnyard Vietnam Co. Ltd.,"F4-F6 RD4, Industry Zone Le Minh Xuan, Binh Chanh District, Ho Chi Minh, Not Applicable, ",10.7661714,106.5230542
VN,Sonha Company Ltd,"Group 2, Dong Khoi Street, Tan Hiep Ward, Bien Hoa City, N/A, Dong Nai",10.9569605,106.860559
VN,TNG Investment & Trading JSC - Dai Tu Branch,"Thang Loi Ward, Tien Hoi Commune, Dai Tu District, 250000, 1, 250000, Thai Nguyen",21.6469074,105.6207263
VN,"United Swimwear Apparel Co.,Ltd","Lot C1, Suoi Dau Industrial Zone , Cam Lam District , Cam Lam District , 57000, Khanh Hoa",12.1487763,109.0681374
ZA,Indigo Brands (Pty) Ltd.,"16-20 Evans Avenue, Epping 1, Cape Town, 7460, Western Cape",-33.93531,18.53987
CN,"IDT Electronics(Shenzhen) Co., Ltd","2nd floor, Block 31, XiXiang Chentian Industrial Estate, XiXiang Town, BaoAn County, Shenzhen, 518102, Guangdong",22.594261,113.872648
CN,Jiangsu Qian Li Ma Stockings Co. Ltd.,"Dong Lai Development Area, Yang She Town, Zhang Jia Gang, 215600, Jiangsu",31.8751495,120.5572027
CN,Jilin Province Northeast Socks Industry Park Hosiery Knitting Co. Ltd ,"Building F6, Northeast Socks Textile Industry Park, Economic Development Zone, Liaoyuan, 136200, Jilin",42.887766,125.14366
CN,K-pack Company Ltd,"3rd Building No.3 , Industrial Zone, Tiantou, Hengli Town, Dongguan, 523478, Guangdong",23.036691,113.969804
CN,"KunShan XinHanTang Textile Products Co., Ltd.","Building 3 and 4, No. 198, HuaXia Road,, LuJia Town,, Kunshan, 215337, Jiangsu",31.334746,121.038063
CN,"Lianyungang Uidea  Industry Co.,Ltd","A8 building, small-sized  enterprise park, West area, Economic development  district, Donghai, Lianyungang, 222300, Jiangsu",34.5225781,118.7628939
CN,"Morito (Shenzhen) Co., Ltd.","A District, Yuhong Industry Zone, Heyi Village, Shajing Town, Bao An District, Shenzhen, 518104, Guangdong",22.720595,113.829667
CN,Nan Jing Gather Europe Headwear Manufacture Co. Ltd.,"ROOM 402, NO.16 FENGHUI AVENUE, YUHUA ECONOMIC DEVELOPMENT ZONE, Nanjing, 210039, Jiangsu",31.9539483,118.6785713
AT,Erdal GesmbH & Co KG,"Neualmerstr.13, Hallein, 5400, Salzburg",47.6869441,13.0942388
BR,Savoy Indústria de Cosméticos S.A.,"Rua Contorno Oeste, SN, Quadra 01 / Lote 01/16 / Módulo 01, Polo Coureiro, Senador Canedo, 75250-000, Goias",-16.7277651,-49.1444601
KH,Hulu Garment Co ltd,"Phum Chak Chrouk, Sangkat Samrong Kram,, Khan Dangkor, Phnom Penh,, Kingdon Of Cambodia, Phnom Penh, 12400, ",11.5513349,104.8144547
CN,"Automax Anhui Co., Ltd.","No. 2 Building, 123 Intelligent Knitting Park, Intersection of East Road & Yinglin Road, Yingshang Economic Development Zone, Fuyang, 236200, Anhui",35.86166,104.195397
CN,BAOJI HAWK IND. & TRADE CO. LTD,"No. 17 Chencang Middle Road, Chencang District,Baoji City,   , Baoji , 721300, Shanxi",34.3517342,107.3710946
CN,Quanzhou Mutuzhe Garments Co Ltd,"No.75th. Zhitai Road, Economic Development Zone, Quanzhou, Fujian",24.8670071,118.5643918
CN,Bonny Composite-Tech(Tongxiang)LTD.,"No. 199,East Fengxiang Road, Tongxiang, 314500, Zhejiang",30.5985392,120.5758575
CN,ChangZhou QingQing Knitting Factory,"1/F, Block D,, No. 1315, JinSha Avenue,, JinTan District,, ChangZhou, 213234, Jiangsu",31.699949,119.5453456
CN,Dalian Ichihiro Towel Co Ltd,"Dongbei 3rd Street, No.11, Dalian Economic & Technical Development Zone, Dalian, 116600, Liaoning",38.9543053,121.6010346
CN,"DEJET INDUSTRY CO., LTD.","No 518, Zhengtong Rd, Kandun Industry Zone, Cixi,, Cixi, Ningbo City, Zhejiang, 315303, Zhejiang",30.2267754,121.238635
CN,"Rongcheng City Yu Chang Sports Co., Ltd.","Rongcheng City West Town Industrial Park, Weihai Rongcheng, 264300, Shandong",37.1606185,122.4192177
CN,"Dongguan Oak Sports Goods Co., Ltd. ","No. 1 Keyuan 4th Road Tangxia Town, Dongguan  City, 523718, Guangdong",22.7988121,114.0475757
CN,DONGGUAN SHUOKE PLASTIC&METAL PRODUCTION  CO ,"3th INDUSTRIAL JINSHAN VILLAGE  CHASHAN TOWN, Dongguan, 523399, Guangdong",23.0580328,113.8992052
CN,DONGKOU CHANGGUANLONG SPORTING GOODS CO.,"Dongkou Economic Development Zone, Dongkou County, Hunan Province, Shaoyang, 422300, Hunan",27.366462,110.468405
CN,"HangZhou  Jasan Socks Co.,Ltd","No. 111 JinYi Road,, XiaoShan Economic Developing Zone, Hangzhou, 311215, Zhejiang",30.20861,120.260536
CN,"Xiangshui Maoda Textile Technology Co., Ltd","No.8 , Yin hai Rd, Economic Development Zone, Yancheng City  , Jiangsu",34.2090002,119.6301405
CN,GuanDi Leather Goods,"No. 3, Huaiya RoadHuaide Management District, Humen Town, Dongguan, Humen Town, Dongguan, 523926, Guangdong",22.830605,113.744543
CN,GUANGDONG RONGCHENG SPORTS MANUFACTURE COMPANY LIMITED DONGGUAN CHANGPING FIRST BRANCH,"No. 5 Su-Keng Industrial 2nd Road, Su-Keng Village, Chang Ping Town, Dongguan, 523577, Guangdong",22.8987798,113.8768791
CN,GuangZhou GuanSheng Footwear Co Ltd,"No. 12, Industrial Avenue, Huadu District, Guangzhou City, 510800, Guangdong",23.4042741,113.2201855
CN,Haining United Socks Co. Ltd,"No. 360 Haifeng Road, Haichang Street, Haining, 314400, Zhejiang",30.5037872,120.6924202
CN,Hangzhou Crystal Sports Equipment Co. Ltd.,"ChengDong Village, HengCun Town, TongLu Country, Hangzhou, 311502, Zhejiang",36.599744,101.803717
CN,Hangzhou Xuanbo Fitness Equipment Co Ltd,"No 8,RD 05,Dongzhou Industry Zone, Fuyang District, Hangzhou, 311401, Zhejiang",30.061031,119.952008
CN,HuaEr Technology Group Co. Ltd.,"48 Shijing Road, HaiNing Economic Development Zone,, Haining, 0, Zhejiang",30.5391531,120.728355
CN,"Hunan Sky Knitting Co., Ltd.","Yi Yang Industrial Corridor, Changning , 421500, Hunan",28.55386,112.35518
CN,"Hwa Mao Optical (Xiamen) Co., Ltd (Tong An Branch)","No. 99, Si Kou Zhen Road,, Xin Min Town,, Tong An District, Xiamen, 361100, Fujian",24.834497,118.26034
CN,"NANTONG RENAISSANCE ACCESSORIES CO.,LTD.","NO. 98 XINGYUAN NAN ROAD, XIAYUAN TOWN, RUGAO, 226543, Jiangsu",32.2253239,120.6405097
CN,Ningbo Jiana Dress Co. Ltd.,"Building D, Inside JiaLe Industrial Park,, No. 189, TongDe Road, GuLin Town,, YinZhou District,, Ningbo, 315176, Zhejiang",29.8311079,121.4920068
CN,OMA Metal Industrial Co.Ltd,"Xihai Erzhi Industrial Area, Beijiao Town, Shunde Foshan, 528311, Guangdong",22.928305,113.207187
CN,"PUTIAN XIANGGUAN FOOTWARE CO., LTD","Hualin Industry Area, Chengxiang District, Putian, 351139, ",25.3915397,118.9624164
CN,"Qingdao Huasheng Socks Co., Ltd","Jifa Industrial Park, Jimo, Qingdao, 266200, Shandong",36.4092262,120.4303297
CN,"QINGDAO YAHONGSHUN GARMENT CO.,LTD","NO.19 TONGXIN ROAD,JIAOZHOU,QINGDAO,SHANDONG, Qingdao City, 266300, Shandong",36.257179,119.975057
CN,"Shanghai Jiaheng Daily Chemical Co., Ltd.","1069 Taogan Road, Sheshan Town, Songjiang District, Shanghai, 201602, Shanghai Shi",31.127784,121.185587
CN,"Shanghai Qingpu ACE Luggage & Bags Co.,Ltd","No.4508 Beiqing Rd, Huaxin Town, QingPu District, Shanghai, 201705, Shanghai",31.197198,121.233151
CN,Shaoxing Sunku Sports Goods Co.Ltd,"Paozhong Road, PaoJiang Industry Zone, Shaoxing, 312000, Zhejiang",30.078418,120.617471
CN,"Shenzhen Cobra Sports Co., Ltd. ","No. 18 Xihutang Street, Pingdong Community, Pingdi Sub-District, Longgang District, Shenzhen, 518117, Guangdong",22.769726,114.3115
CN,"Shenzhen Square Bottle Co., Ltd.","No.2&5, C3 Bldg, C District, Lianhe Industrial, Nanye Community, Longgang District, Shenzhen City, 518116, Guangdong",31.201231,121.591667
CN,"SKY PRECISION WATCH (SHENZHEN) CO., LTD.","NO 231 QINGLING ROAD, HUANGGE KENG, LONGCHENG SUBDISTRICT, LONGGANG  DISTRICT, Shenzhen, 518172, Guangdong",22.8757322,114.488361
CN,Smartballs Ag.,"Lushan City Industrial Park, Jiujiang City,, Jiangxi Province, China, Jiujiang City, 332800, Jiangxi",29.4485425,116.0448188
CN,Taka Sporting Goods Inc.,"No 8 3rd Industrial Zone, Xiancun, Gongming Town, Guangming District, Shenzhen, 518106, Guangdong",22.778837,113.891807
CN,"Tianjin Tianxing Kesheng Leather Products Co., Ltd.","No. 2, Jianshe Road, Chengguan Town, Baodi District, Tianjin City, 301800, Tianjin Shi",39.718556,117.290785
CN,"Weixuan Weaving Co.,Ltd. of Fujian","Guan qiao, Longqiao, Anxi economic zone, Quanzhou, Fujian, Quanzhou, 362441, Fujian",25.015295,118.095882
CN,Wellpower (Jiangxi) Sporting Goods Co.Ltd.,"Xinqu Avenue, Economic Development New Zone,, Xingguo County, Ganzhou City, 342400, Jiangxi",26.3105396,115.3782916
CN,"WuYi ShunFeng Stainless Steel Products Co., Ltd.","No.2, WuJin Road, TongQin Ind. Zone,WuYi County, JinHua, 321200, Zhejiang",28.8927037,119.8163599
CN,XIAMEN MINGHO BROTHERS MFG CO.，LTD.,"XITANG VILLAGE,XINMIN TOWN,TONG’AN DISTRICT, Xiamen, 361100, Fujian",24.705749,118.10579
CN,Xiamen Spark Sports Goods Co Ltd,"55-56 Siming Gharden, Industry Central Zone, Tongan, Xiamen, 361100, Fujian",24.7230962,118.1518433
CN,"YANGZHOU SUMEC CHANGJIANG GARMENT CO.,LTD","NO. 8 GUOSHUI,SHATOU TOWN, GUANGLING DISTRICT,YANGZHOU, YANGZHOU, 225000, ",32.305937,119.524317
CN,"Yantai NE Apparel Co., Ltd","No. 26, Yantai Street, HaiYang Industrial Park, hai Yang  YanTai  ShanDong   China, Haiyang, 265100, Shandong",36.74189,121.195653
CN,"Zhang Pu Da Ye Umbrella Co., Ltd.","HUANG CANG INDUSTRIAL ZONE, ZHANG PU COUNTY, Zhangzhou, N/A, Fujian",24.117102,117.613808
CN,"ZHE JIANG FEIFENG SPORTS GOODS CO.,LTD","LANTING ECONOMY EMPOLDER SECTION, Shaoxing, 312000, Zhejiang",30.0047567,120.5787467
CN,Zhejiang Celebrity Finery Co Ltd,"No. 17 of Caiyun Road, Yinan Industrical Park, Yiwu, 322000, Zhejiang",29.3088897,120.0846073
CN,Zhejiang DKCity Corporation,"No. 27, Longquan Rd., Huimin St, Zhejiang Province, Jiashan, 314100, Zhejiang",30.859392,120.968903
CN,"Zhejiang Dongyang DingDa Leather Co., Ltd.","Dingzhai Village,, Qianxiang Town,, Dongyang, 322124, Zhejiang",29.0384972,120.3192649
CN,Zhejiang Hepolilo Socks Industry Co. Ltd,"No. 382 Xiachuan Rd, Haining, 314400, Zhejiang",30.541555,120.722075
CN,"ZIEBART APPAREL (DALIAN)TRADING CO.,LTD.","TANGLI VILLAGE HONGQI STREET , GANJINGZI DISTRICT DALIAN CHINA, Dalian, 116000, Liaoning",38.9222654,121.5493161
CN,Zhejiang Meibang Textile Co Ltd,"No.8 The Fifth Xingye Road, Chengxi Economic Development Zone  Zhuj China 311800, CHENGXI ECONOMIC, DEVELOPMENT ZONE, 312000, ",35.86166,104.195397
CN,ZHEJIANG TIANCHENG GARMENT CO. LTD.,"NANRI FENQU, GAOQIAO INDUSTRIAL ZONE, GAOQIAO TOWN, TONGXIANG CITY, ZHEJIANG PROVINCE, CHINA, Tongxiang, 314500, Zhejiang",30.554975,120.564951
CN,"ZHONGSHAN JIN SHENG GARMENT CO., LTD","DI YI GONG YE QU ZHONG SHAN TAN ZHOU, Zhongshan, 528467, Guangdong",22.254836,113.467503
DO,Universal Athletics,"Avenoda Maximo Gomez, Zona Franca La Ameria, San Cristobal, Zona Franca La Ameria, N/A, San Cristobal",18.4180414,-70.1065849
EG,"El Helal Company for Knitting, Dyeing & Readymade ","PLOT 3/1 - MISR COMPANY INDUSTRIAL ZONE , BEHERA, EGYPT, Kafr El Dawar , 22638, Buhayrah",31.1356648,30.1327813
EG,Embee International Industries,"PUBLIC FREE ZONE, ISMAILIA, 41511, ",30.5964923,32.2714587
SV,Chi Fung SA de CV,"Carretera Troncal Del Norte, KM 12, Ciudad Apopa, San Salvador, N/A, San Salvador",13.8135061,-89.1628521
SV,"WESTTEX APPAREL, S.A. DE C.V.","ZONA FRANCA SAN BARTOLO CALLE CHAPARRASTIQUE POL K EDIFICIO No. 20, ILOPANGO, NA, San Salvador",13.6992706,-89.1122741
HT,Val d'Or Apparel Manufacturing Haiti S.A (aka Valdor),"Rue Pierre Paul Tabarre 27, Croix Des Bouquets, PORT-AU-PRINCE, HT6110, Ouest",18.5652337,-72.2509565
HN,Bay Island Sportswear,"Zip San Jose , Building 3-4 , 20-27 calle 2do Anillo Periferico , San Pedro Sula, 21103, Cortes",15.4817795,-88.0065447
HN,Pinehurst Manufacturing GMBH,"Zoli St Andrews, Colonia Agua Prieta , Sector Rivera Hernandez, San Pedro Sula, Cortes, Honduras, San Pedro Sula, -504, Cortes",15.4793285,-87.9432837
IN,Krishna Sports Industries,"S-10, NEAR DAINIK, SAVERA OFFICE, Jalandhar, 144004, Punjab",31.314844,75.578357
IN,SSG Apparels - Unit II,"No. 34 Nethaji Apparel Park, EEtiveerampalayam, New Tirupur, 641666, Tamil Nadu",11.2075041,77.3259812
ID,PT Eagle Glove Indonesia,"Bayen Village, Purwomartani, Kalasan, Sleman, Yogyakarta, 55571, Daerah Istimewa Yogyakarta",-7.7683238,110.4502401
ID,PT Greentex Indonesia Utama,"Kawasan Berikat Nusantara, Jl. Sumatra Blok E No. 12A Cakung, Cilincing, Jakarta Utara, 14140, Daerah Khusus Ibukota Jakarta",-6.13923,106.927397
ID,PT Leading Garment Industries,"JL. Mengger No.97 , Moh. Toha KM 5,6 Bandung , Bandung, 40256, Jawa Barat",-6.96574,107.6179209
ID,PT Yuni International ,"Kp. Menteng Dua RT.04/RW01., Desa Pasir Laja, Kecamatan Sukaraja, Kabupaten Bogor, Bogor, 16710, Jawa Barat",-6.194031,106.8325872
IT,CAFIERO SRL,"Via u. Bracalenti 20 Z.I. CESA, LIMANA, 32020, Veneto",46.0967742,12.1563729
IT,Calzificio Anson,"Via Racale-Melissano 133, Racale, 73055, ",39.9687984,18.1194638
IT,GENESI SRL,"Via Walter Tobagi, 37, Casaloldo/MN, 46040, Lombardia",45.263961,10.4751169
JP,"KANSAIDO CO, LTD","980-7 Jyunisho, Yabu, 667-0102, Hyogo",35.3719887,134.7615836
JP,"Kokuyo Product Shiga Co.,Ltd.","312 Kamikano, Aisho-cho Echi-gun, 529-1203, Shiga",35.155144,136.2755717
JP,Molten Corp. Hiroshima,"1-5-8, Nakahiro-Cho, Nishi-Ku, Hiroshima, 7330012, ",34.4034188,132.442595
JP,Tabata Co Ltd Ibaraki Factory,"651-2 Industrial-park, Hitachi-Omiya, 319-2134 , Ibaraki",36.5362607,140.3765759
JP,"Totsuya Echo Co.,ltd.","13-2 Sasame Kita-machi, Toda, 335-0033, Saitama",35.8232399,139.6541369
KR,AUAPLUS,"353-4 SAMNAK DONG,SASANG-GU,BUSAN, KOREA, BUSAN, 617-825, Pusan-gwangyoksi",35.1858459,128.9779578
RO,SC INDUSTRIA DE INCALTAMINTE [SOARA],"Str. Ion Vidu n.7, Buzias, 305100, Timis",45.7459885,21.233199
KR,Juno Apparel(Factory),"16, Gyeyang-daero140beon-gil,,  Gyeyang-gu, Incheon, 21088, Inch'on-gwangyoksi",37.571594,126.7363805
MM,United Knitting (Myanmar) Co. Ltd,"Industrial Zone No. 3, No. 43 Hlain Tharyar Township, Yangon, 11401, Yangon",16.8819286,96.0573302
PK,AL AMIN EXPORTS,"WH-12, Sector 16-B, NORTH KARACHI INDUSTRIAL AREA, KARACHI, 75850, ",24.9608416,67.0797072
PK,Challenge Apparels Limited,"Rachna Town 2, Satyana Road, Faisalabad, 38000, Punjab",31.3928032,73.1173088
PK,Force Five (PVT) Ltd.,"14km Daska Road,, Sialkot, 51310, Punjab",32.3988779,74.439956
PK,Kampala Industries (Pvt) Ltd.,"Sade Pur Road, Rahim Pur Khitchian, Sialkot, 51310, Punjab",32.5714418,74.5441796
PK,MASOOD TEXTILE MILLS LIMITED APPAREL DIV (GARMENT CITY),"Sahianwala Road, Khurrianwala, Faisalabad, 38000, Punjab",31.5048093,73.2710677
PK,PENNA OVERSEAS CORPORATION,"12-KM, SIALKOT-DASKA ROAD, Sialkot, 51310, Punjab",32.40838,74.4540691
PK,Umar Garments,"Plot No.1-B/2 Sector-29, Korangi Industrial Area, KARACHI, 74900, Sindh",24.8505499,67.1841358
PL,Aneks Polska Sp. z o.o.,"ul. Młynarska 5, Jaworzno, 43-600, Slaskie",50.1928324,19.2571618
PL,Euro-pegaz Logistyka Sp. z.o.o.,"Centrum Logistyczne, ul. Loniewska 1, Osieczna, 64-113, Wielkopolskie",51.8990672,16.6673481
PL,TOMADEX SC,"WARSZAWSKA 69A, ALEKSANDROW LODZKI, 95-070, Lodz",51.828409,19.312161
PT,"Colep Portugal, SA","Rua Comendador Arlindo Soares Pinho no. 1977, Lordelo Vila Cha., Vale de Cambra, 3730-423, Aveiro",40.8498756,-8.4065694
RU,Capella Ltd.,"606000, 5 km. Avtozavodski Shausse, bld. 1, Dzerzhinsk, 606000, ",56.2409907,43.4621545
ES,"COTY SPAIN, S.L.U.","Polígono Industrial Congost, Avda. Sant Julià, 168 - 180, Granollers, 8403, Catalunya",41.5856428,2.2735033
ES,CTC Externalización S.L.U.,"Carrer Carredada 2, Nau B, Martorelles - Barcelona, 8107, Barcelona",41.5331211,2.2354544
ES,"IGEPAK, S.A.","Legarda Kalea No. 2, Usurbil, 20170, Euskal Autonomia Erkidegoa",43.272045,-2.0548767
ES,PREVAL S.A.,"Av. Castell de Barberá 43 - 45, Barbéra del Vallés, 8210, Barcelona",41.5231452,2.1454116
LK,CKT Apparel (Pvt) Ltd.,"Yatiyana , Agalawatta, 12200, Western Province",6.5316572,80.1429677
LK,Hirdaramani Garments Katunayake (pvt) Ltd,"Ring Road 02, Export Processing Zone, Katunayake, Katunayake, 11450, Western",7.170921,79.8898816
TW,Chiad Hong Industry Co Ltd,"No.25 Lane 466,  Sec. 9, Xiangshang Rd., Wu-qi Dist., Taichung City, Taichung County, 43547, Taiwan",24.1477915,120.6641624
TW,"Chuan Mei Glove Industries Co., Ltd.","No. 4-1 Tung Lin Road, Lin Hai Industrial Estate, Hsiao Kang, Kaohsiung, 81260, Kaohsiung",22.5674102,120.3633173
TW,High Cedar Enterprise Co Ltd,"168-6 Hai Pin Road, Ching Shui, Taichung, 43651, Taiwan",24.301983,120.5854674
TW,"Hwa Meei Optical Co., Ltd. 2nd Factory","30, ShaLun, Zhong Sha Vil., AnDing Dist., Tainan, 74555, Taiwan",23.095298,120.2166519
TW,Jou Young Industrial Co Ltd,"No 500, Sec 1, Sing Loa Road, Tien Jhong Town, Chang Hua Country, Tienjhong, 52046, ",22.6158015,120.7120023
TW,Ming Feng Plastic Co Ltd,"No.2, Lane 292, Dalin Road,, Daya District, Taichung, 42847, Taichung County",24.2443518,120.6530718
TW,Pang mei sport Co. Ltd.,"No 368, Fudao Rd, Lukang Township, Changhua County, Taichung, 50562, Taichung",24.0787158,120.4221033
TW,"Pinda Industry Co., Ltd.","No. 42, Ln. 461, Caofeng Rd, Xianxi Township, Changhua County, Changhua County, 50742, Taiwan",24.1265022,120.4662716
TW,Tung-Yu Plastic Co. Ltd,"No. 86 Jen Tzn St, Ta Li Dist, Taichung City, 41275, Taichung County",24.1046899,120.6812114
TW,Wei Lee Knitting MFG. Co Ltd,"NO. 100, Hengche Road,, Pei Miao Li,, MiaoLi City,, 36045, Taiwan",24.572569,120.8191735
TH,"Universal Apparel (Thailand) Co., Ltd.","110 Moo 13,  Mitraphab Rd Bantrad,, Udon Thani, Udonthani, 41150, Udon Thani",17.3646969,102.8158924
TW,Yichane Co. Ltd.,"178, SEC. 2, Cheng-Si St. Tainan 70956, Taiwan, Tainan, 70956, Taiwan",22.9997281,120.2270277
TH,"Molten (Thailand) Co., Ltd.","666 Moo 11, Sukhaphibarn 8 rd, Nongkham, Sriracha,, Sriracha, 20230, Chon Buri",13.0887995,100.9529918
TH,"NB Apparel Co., Ltd.","183 Moo 8, Udonthani-Meunglei rd., Meung, Nongbualamphu, Nong Bua Lam Phu, 39000, Nong Bua Lamphu",17.1970957,102.3154514
TH,"Thai Daizo Aerosol Co., Ltd. (TDP)","700/413 Moo1, Tambol Bankao, Amphur Panthong, 20160, Chon Buri",13.9024327,99.2120593
GB,VIDHANI BROS LTD,"TERITEX FACTORY, BOUGHTON, NG22 9ZD, NOTTS",53.2030263,-0.9774004
US,Dynamax Inc.,"1300 Smith Road, STE 104, Austin, 78721, Texas",30.2560037,-97.6803317
US,JSP Intl. (Pednar),"4335 County Farm Road, Jackson, MI, Michigan, 48854, Michigan",42.272927,-84.479912
VN,"All Wells International Co., Ltd","Street No. 81, Toc Tien Commune, Tan Thanh District, Vung Tau, 79000, Ba Ria-Vung Tau",10.6032018,107.113007
VN,Branch of Binh Thuan – Nha Be Garment JSC – Tuy Phong Garment ,"Industrial zone of North of Tuy Phong,, Lac Tri Village, Phu Lac Commune, Binh Thuan, 800000, Binh Thuan",11.2348179,108.7098211
VN,"Eins Vina Co., Ltd","7A Thong Nhat Road, Song Than Industrial Zone II, Di An District, Ho Chi Minh City, 84650, Binh Duong",10.8964757,106.7527418
VN,"Force Sports Tech Trading & Manufacturing Co., Ltd","Lot B1, Road 6, Long Hau -Hoa Binh Industrial Park, Nhi Thanh Ward, Thu Thua District, Long An , 85000, Long An",10.6310514,106.7057733
VN,"GREAT GLOBAL INTERNATIONAL CO., LTD.","C3, 6, GIAN KHAU INDUSTRIAL PARK, GIA TAN COMMUNE, GIA VIEN DIST, GIA VIEN DISTRICT, NINH BINH, 40000, Ninh Binh",20.3255974,105.9259271
VN,"Himaru Vietnam Co., Ltd.","Street No 8, Thong Nhat Avenue,, Song Than II Industrial Park, Di An Town, Binh Duong Province, Di An Town, N/A, Binh Duong",10.8947296,106.752693
VN,Seyang Vietnam Corporation,"PLOT NO.54-IN SMALL SCALE INDUSTRY COMPLEX,, TRADE VILLAGE, NHAT TAN COMMUNE, Kimbang District, 700635492, Ha Nam",20.6126121,105.8906859
VN,Hung Kiu (Vietnam) garment Mfg. Ltd. ,"Road N7, Phu Chanh Industrial Zone 1, Phu Chanh Commune, Tan Uyen Town, Binh Duong Province., Binh Duong, Binh Duong",11.0726613,106.7000228
VN,"Kanaan Saigon Co., Ltd (2nd Plant)","Binh Ta 1 Hamlet, Duc Hoa Ha Village, Duc Hoa Town, 850000, Long An",10.7977905,106.4698351
VN,"Langham Garment Co.,Ltd","Lot 24 and Lot 21 Road No 6, Trang Bang Industrial Zone, Km 32,, An Tinh ward, Trang Bang District, 840000, Tay Ninh",11.0214242,106.3949516
VN,"NYG ( Vietnam) Co.,Ltd","Lot C Long Khanh Industrial Zone – Binh Loc commune, Long Khanh town, 810000, Dong Nai",10.9420009,107.2292893
VN,"ORIENTAL GARMENT AN GIANG CO.,LTD","Plot L Binh Hoa Industrial Zone,, Binh Ho  Commune, An Giang Province, Chau Thanh District, 880000, An Giang ",10.4406356,105.3306814
VN,"Shinwon Ebenezer Hanoi Co., Ltd - Building A","Ad Urban Group Nguyen Gon, Cai Dan Ward, Song Cong City, 250000, Thai Nguyen",21.4613691,105.8613233
VN,"Unipax Co.,  Ltd","Plot 101/2 +101/4 road 3, Long Binh IP (Amata), Bien Hoa, Dong Nai, Viet Nam, Long Binh Ward, N/A, Bien Hoa City, 810000, Dong Nai",10.9522077,106.87746
VN,Vinh phuc textile company LTD,"Tien phong _ Me Linh _ Hanoi_ Vietnam, Hanoi, 14017, Thu Do Ha Noi",21.1500522,105.7527221
