country,name,address,lat,lng
Bangladesh,Alif Embroidery Village Ltd.,"Bangobandhu Road, Tangabari, Ashulia, Savar, Dhaka 1341",23.9124301,90.32141349999999
India,Ambathur Clothing Private Ltd.,"No. D16, Industrial Estate, Ambathur, Chennai - 600 058",13.092337,80.162286
China,Anhui Beiyade Garment Co. Ltd. (YinShanHong),"Industrial Concentration District Zhenbei District, Shiqiao Dangtu, Maanshan City, Anhui Province",31.439093,118.607004
India,Bhartiya International Ltd.,"Apiic Industrial Park, Kondur Village, Tada Mandal, Spsr Nellore Dist, 524401",13.589216,80.0283415
China,Changzhou Ability Garments Co. Ltd.,"No. 69 Qing Yang North Road, Changzhou, 213021",31.784073,120.020577
China,Changzhou Beisheng Garments Co. Ltd.,"Fukang Road, Xinbei District, Changzhou, Jiangsu Province",31.84225559999999,119.9212348
China,Changzhou Xuenaili Garment Co. Ltd.,"West Street, Daibu Town, Liyang City, Changzhou, Jiangsu Province",31.3078193,119.5035688
Bangladesh,DB-Tex Ltd.,"Nayapara, Kashimpur, Gazipur",23.9887791,90.3209478
Mauritius,Denim De L'Ile Ltd.,"Royal Road 30904, Ile D'Ambre,  Riviere Du Rempart ",-20.0336111,57.695
China,Donglong (Tancheng) Garments Co. Ltd.,"Yanghong Road Yangji Town, Tancheng City, Shandong Province",32.23483,119.797634
China,Duocai Fabric Print Factory,"Baoshan Village, Ganpu Town, Hanyan count, Jiaxing, Zhejiang Province",30.397162,120.855089
Bangladesh,Echotex Ltd.,"Chandra, Pollibidyut, Kaliakior, Gazipur",24.0097019,90.3258575
Bangladesh,Epyllion Style Ltd.,"Nayapara, Vhawal Mirzapur, Gazipur Sadar, Gazipur",23.9887791,90.3209478
Bangladesh,Epyllion Washing Ltd.,"Jangaliapara (Bangla Bazar), Bhawal Mirzapur, Gazipur, 1703",24.0958171,90.4125181
India,Eureka Leather Garments ,"SF. No. 195/1, 196/1 M.C. Road, Pachakuppam- Village, Vadaputhupattu- Post, Ambur-Taluka, 635812",12.823213,78.76533119999999
Vietnam,Everpia Jointstock Company,"Noi Thuong Residential Area, Duong Xa Commune, Gia Lam District, Ha Noi City",21.0024138,105.9641124
India,Evolv Clothing Company Pvt. Ltd. - Padalam,"No. 14/2; 3/3; Vedanthangal High Road, Kolambakkam, Maduranthagam Taluk, Tamil Nadu 603308, Chennai",12.5454597,79.8560694
India,Evolv Clothing Company Pvt. Ltd. - Perungudi,"No. 33 & 41 Corporation Road, 4th Street, Perungudi, Tamil Nadu, 600096, Chennai",19.12075,72.8604833
Bangladesh,Eypllion Style Ltd.,"Bahadurpur, Vawal Mirzapur, Gazipur Sadar, Gazipur, 1703",24.1315156,90.403094
China,Felix Hangzhou Garments Co. Ltd.,"No. 7, Jingxing Road, Economic Development Zone, She County, Huangshan City, Anhui Province",29.861379,118.415345
Bangladesh,Genesis Fashions Ltd. ,"126/1 Kadda Nandun, Kadda Bazar, Gazipur Sadar, Gazipur Dhaka",23.9999405,90.4202724
China,Grandshine Technology Co. Ltd.,"3F, Jinchangda Industrial Park, Zhangkengjing, Guanlan, Bao’an District, Shenzhen, Guangdong",22.696848,114.045389
China,Haiyan Shenda Clothes Co. Ltd. ,"314304 Haitang Street, Haiyan City, Zheijang",30.5750581,121.0057666
Bangladesh,Hamza Textiles Ltd.,"Nayapara, Kashimpur, Gazipur",23.9887791,90.3209478
China,Hang Ngai Garment Ltd.,"1-3 Floor, No. 9 Building, 82 Shjqi Village, Shiqian Road,Shiqi Town, Panyu, Guangzhou",22.9501233,113.438375
China,Hangzhou Fuyang Zhongrui Knitting Mill,"Huajia Natural Village, GuaQiao Bu Village, Changkou Town, FuYang District",29.900998,119.869131
China,Hangzhou Yingli Garments Co. Ltd.,"Dingshan Street, Wangmei Road, Linping, Hangzhou, Zhejiang Province",30.4301128,120.2527463
China,High Fashion Co. Ltd.,"No. 8 Qiannong Road, Xiaoshan ETDZ, Hangzhou, 311231",30.2371126,120.3145561
China,Honglilai Leather & Garment Co. Ltd. ,"Bin Cheng Industry Zone, Dong Hai, Feng Ze District Quanzhou",24.891173,118.613172
China,Huai An Yuan Tong Headwear Mfg. Co. Ltd.,"No. 30 & 32 Yan Huang Avenue, Lian Shui Economic Development Zone, Jiang Su Province",35.86166,104.195397
Vietnam,Hung Long Printing Company Ltd.,"Hau Village, Dai Lam Commune, Lang Giang District, Bac Giang Province",21.2977688,106.2904635
India,Indus Craft,"No. 58, Nallambakkam  Village, Via Vandalur, Chennai, 600048",12.8931914,80.0815848
India,Jeans Knit Private Ltd Unit 3,"No 34/A, II Phase, Peenya Industrial Area, Bangalore, 561028",13.0350599,77.52252940000001
India,Jeans Knit Private Ltd Unit 4,"No. 20-A/21-E, II Phase, Peenya Industrial Area, Bangalore, 562028",13.0350599,77.52252940000001
India,Jeans Knit Private Ltd Unit 6,"Plot No. K56, K57 & K59, Sipcot Apparel Park, Irungattukottai, Sriperambudur, 602105, Chennai",20.593684,78.96288
India,Jeyam Printing,"No. 14/2,3/3, Vednathangal High Road, Kolambakkam Village, Kancheepuram Dist",12.5454597,79.8560694
China,Jiang Su Runtian Garment Co. Ltd. ,"No.1 Wangyuan Rd, East Industrial Park, RuGao, Jiangshu, China",32.370557,120.574945
China,Jiangsu Ability Fashion Garments Co. Ltd. ,"No. 111 Huayang North Road, Jintan, Changzhou, 213200",31.771112,119.598805
Bangladesh,Jinnat Knitwears Ltd. ,"Sardaganj, Kashimpur, Gazipur",23.9703785,90.294534
India,Juseffex,"No. 26B, 15 &16, Sidco Industrial Estate Chennai, 600 098",8.089585999999999,77.549016
China,Kangshun Print,"216 Jixing Road Wuyuan Industrial Park, Wuyuan Town Haiyan ",30.552897,120.928767
Bangladesh,Lammim Associates (Unit-2) ,"Bangabondhu Road, Tongabari, Ashulia, Savar, Dhaka, 1341",22.9905265,89.8145139
China,Langxi Yidele Garment Co. Ltd. (Simaite),"Xingfu Road, Dingbu Village, Meizhu Town, Langxi County, Xuancheng City, Anhui Province",31.129757,119.112883
China,Leekwan Embroidery (Haining) Ltd. ,"No. 2 Hongqi Road, Maqiao Warp Knitting Industrial Zone Haining City, Zhejiang Province",30.468071,120.675359
China,Long Hua Embroidery,"239 Chaoyang West Road, Wuyuan Town Haiyan ",30.51702,120.929934
China,Nantong Foremost Headwears Co. Ltd.,"No. 18 Foremost Road, QinZao Town, Gangzha District, Nantong 226008, Jiangsu",32.0643471,120.8649816
China,Nantong Jackbeanie Headwear Garment Co. Ltd.,"No. 808, The Third Industry Park, Guoyuan Town, Rugao City Nantong",32.172013,120.596047
China,NanTong JiLi Print and Embroidery Company,"No. 8, Ji Long Road, Rudong City ",32.331765,121.185201
Bangladesh,Neo Fashion Ltd.,"Varari, Rajfulbaria, Savar, Dhaka-1340",23.8132743,90.2606145
Turkey,Nersoy Tekstil San. Ve Tic. Ltd. Sti.,"Organize Sanayi Bolgesi 4, Nolu Cadde 1880 Parsel, Caycuma, Zonguldak",41.409699,32.121957
China,Ningbo Holi Garments Co. Ltd.,"Shewang Industrial Zone, Chunhu Town, Fenghua City, Ningbo ",29.56491999999999,121.52229
China,Ningbo Venux Apparel Co. Ltd.,"110 South Xiwu Road, Fenghua Ningbo, Zhejiang Province",29.676311,121.481373
China,Pinghu Longtai Garments Co. Ltd.,"No.1 Dianchang Road, Zhapu Town, Pinghu City, Jiaxing, Zhejiang Province    ",30.618426,120.654183
China,Pinghu Sensen Clothing Co. Ltd. ,"Zhangqiao Village, Caoqiao Street, Pinghu, Jiaxing City",30.581304,120.698307
India,Ritu Textile,"1423/1425, Laxmi Industrial Complex Back Side Raghav Motor Service Station, Batala Road Amritsar, 143001",31.65387999999999,74.915334
Vietnam,Saitex 2 Cutting & Sewing ,"Lot 225, Amata Industrial Park, Long Binh Ward, Bien Hoa City, Dong Nai Province",10.9405186,106.8921228
Vietnam,Saitex 4 Laundry,"Lot 226/4, Amata Industrial Park, Long Binh Ward, Bien Hoa City, Dong Nai Province",10.9393085,106.8909948
Vietnam,Saitex 5 Finishing,"Lot 224, Amata Industrial Park, Long Binh Ward, Bien Hoa City, Dong Nai Province",10.9434822,106.8896713
China,ShaoXing City ShangYu Shuaite Garments Co. Ltd.,"Baiguan Industrial Park, Baiguan Street, Shangyu District, ShaoXing City",30.019117,120.874904
Bangladesh,Square Fashions Ltd.,"Zamirdia, Habir Bari, Bhaluka, Mymensigh ",24.2920231,90.3983829
Bangladesh,Square Fashions Unit 2,"Dhaka City Bypass Road, Vogra, Gazipur",23.9772783,90.38059469999999
Morocco,Sun Belts Europe S.a.r.l.,"Zone Industrielle, Allée 01, Lot. 032, Tanger, Tangier-Tetouan",35.72390499999999,-5.738899
Bangladesh,Thanbee Print World Ltd.,"Sardagonj, Kashimpur, Gazipur",23.9703785,90.294534
India,Thirumalai Embroidery,"No.33, Corporation Road, Perungudi, Chennai, 600 096 and No.14/2,3/3, Vedanthangal High Road, Kolambakkam Village, Kancheepuram Dist",12.9549694,80.2388407
China,Together Garment Factory,"2/F, No. 132 Fucheng Avenue, Taicheng, Taishan City",22.2476525,112.8085934
China,Tongxiang Miracle Knitting Factory Co. Ltd.,"No. 2 Industrial Area Economic Development Zone, Tongxiang Hangzhou, Zhejiang Province",30.607581,120.55107
Vietnam,Vert Fashion Company Ltd.,"Kim Trang Hamlet, Viet Lap Commune, Tan Yen District",21.3346812,106.1360406
India,"White House, Embroidery and Printing Division","No. 88A, 1&2 Keelakottaiyur Village, Kelambakkam Road, Melakkotaiyur Post, Chengalpattu Taluk, Kancheepuram",28.6063375,77.29533339999999
China,Xuzhou Yinmao Clothing Ltd. Co.,"No. 177 Xuhai RD, XinAn Town, XinYi City",34.3790072,118.3385701
China,Yangzhou City Jiangdu Rixing Garments Co. Ltd. ,"Renmin Road, Jiangdu District, Yangzhou City,Jiangsu Province,China",32.4240951,119.5564296
China,Yangzhou Jinhong Garment Making Co. Ltd.,"West Fuming Street, Xinba Community, Lidian Town, Yangzhou",32.27518,119.612696
China,Ying Si Fan Clothing Co. Ltd.,"Telegoal Industrial, Dong Yong Zhen, Guangzhou, GuangDong ",23.12911,113.264385
China,Zhangjiagang City Sheng Yuan Knitting Clothing Co. Ltd.,"Jiangjia Road, Miaoqiao, Tangqiao Town, Zhangjiagang City",31.811438,120.6986306
China,Zhejiang Sanyuan Knitting Co. Ltd.,"Hongqifan (The Second Phase Industrial Zone), Fuchunjiang Town, Tonglu County Hangzhou ",29.708845,119.650137
China,ZhongShan Easy On Garment Manufactory Co. Ltd.,"No. 9, Xingye Road, Xinxu District, Sanxiang Town, Zhongshan City, Guangdong Province",22.656627,113.421531
China,ZhongShan Easy On Garment Manufactory Co. Ltd. Second Branch,"No. 6 Jinwan Road, Xinxu District, Sanxiang Town, Zhongshan City, Guangdong Province",22.3243567,113.4659827
China,ZhuJi MingRun,"No. 75, Xiehe Road, West Development Zone, Taozhu Street, Zhuji city, Zhejiang Province",29.718597,120.213252
